stock_id,area_name
600000,上海
600004,广东
600006,湖北
600007,北京
600008,北京
600009,上海
600010,内蒙古
600011,北京
600012,安徽
600015,北京
600016,北京
600017,山东
600018,上海
600019,上海
600020,河南
600021,上海
600022,山东
600023,浙江
600025,云南
600026,上海
600027,山东
600028,北京
600029,广东
600030,广东
600031,北京
600033,福建
600035,湖北
600036,广东
600037,北京
600038,黑龙江
600039,四川
600048,广东
600050,北京
600051,浙江
600052,浙江
600053,江西
600054,安徽
600055,北京
600056,北京
600057,福建
600058,北京
600059,浙江
600060,山东
600061,上海
600062,北京
600063,安徽
600064,江苏
600066,河南
600067,福建
600068,湖北
600069,河南
600070,浙江
600071,江西
600072,上海
600073,上海
600074,江苏
600075,新疆
600076,山东
600077,浙江
600078,江苏
600079,湖北
600080,陕西
600081,上海
600082,天津
600083,江苏
600084,新疆
600085,北京
600086,湖北
600088,上海
600089,新疆
600090,新疆
600091,内蒙古
600093,四川
600094,上海
600095,黑龙江
600096,云南
600097,上海
600098,广东
600099,江苏
600100,北京
600101,四川
600103,福建
600104,上海
600105,江苏
600106,重庆
600107,湖北
600108,甘肃
600109,四川
600110,吉林
600111,内蒙古
600112,贵州
600113,浙江
600114,浙江
600115,上海
600116,重庆
600117,青海
600118,北京
600119,上海
600120,浙江
600121,河南
600122,江苏
600123,山西
600125,辽宁
600126,浙江
600127,湖南
600128,江苏
600129,重庆
600130,浙江
600131,四川
600132,重庆
600133,湖北
600135,河北
600136,湖北
600137,四川
600138,北京
600139,四川
600141,湖北
600143,广东
600145,新疆
600146,宁夏
600148,吉林
600149,河北
600150,上海
600151,上海
600152,浙江
600153,福建
600155,北京
600156,湖南
600157,山西
600158,天津
600159,北京
600160,浙江
600161,北京
600162,广东
600163,福建
600165,宁夏
600166,北京
600167,辽宁
600168,湖北
600169,山西
600170,上海
600171,上海
600172,河南
600173,浙江
600175,浙江
600176,浙江
600177,浙江
600178,黑龙江
600179,黑龙江
600180,山东
600182,黑龙江
600183,广东
600184,湖北
600185,广东
600186,河南
600187,黑龙江
600188,山东
600189,吉林
600190,辽宁
600191,内蒙古
600192,甘肃
600193,上海
600195,北京
600196,上海
600197,新疆
600198,北京
600199,安徽
600200,江苏
600201,内蒙古
600202,黑龙江
600203,福建
600206,北京
600207,河南
600208,浙江
600209,海南
600210,上海
600211,西藏
600212,山东
600213,江苏
600215,吉林
600216,浙江
600217,陕西
600218,安徽
600219,山东
600220,江苏
600221,海南
600222,河南
600223,山东
600225,天津
600226,浙江
600227,贵州
600228,江西
600229,山东
600230,河北
600231,辽宁
600232,浙江
600233,辽宁
600234,山西
600235,浙江
600236,广西
600237,安徽
600238,海南
600239,云南
600240,北京
600241,辽宁
600242,广东
600243,青海
600246,北京
600247,吉林
600248,陕西
600249,广西
600250,江苏
600251,新疆
600252,广西
600255,安徽
600256,新疆
600257,湖南
600258,北京
600259,海南
600260,湖北
600261,浙江
600262,内蒙古
600265,云南
600266,北京
600267,浙江
600268,江苏
600269,江西
600271,北京
600272,上海
600273,浙江
600275,湖北
600276,江苏
600277,内蒙古
600278,上海
600279,重庆
600280,江苏
600281,山西
600282,江苏
600283,浙江
600284,上海
600285,河南
600287,江苏
600288,北京
600289,黑龙江
600290,浙江
600291,内蒙古
600292,重庆
600293,湖北
600295,内蒙古
600297,辽宁
600298,湖北
600299,北京
600300,江苏
600301,广西
600302,陕西
600303,辽宁
600305,江苏
600306,辽宁
600307,甘肃
600308,山东
600309,山东
600310,广西
600311,甘肃
600312,河南
600313,北京
600315,上海
600316,江西
600317,辽宁
600318,安徽
600319,山东
600320,上海
600321,四川
600322,天津
600323,广东
600325,广东
600326,西藏
600327,江苏
600328,内蒙古
600329,天津
600330,浙江
600331,四川
600332,广东
600333,吉林
600335,天津
600336,山东
600337,新疆
600338,西藏
600339,新疆
600340,河北
600343,陕西
600345,湖北
600346,辽宁
600348,山西
600350,山东
600351,山西
600352,浙江
600353,四川
600354,甘肃
600355,湖北
600356,黑龙江
600358,江苏
600359,新疆
600360,吉林
600361,北京
600362,江西
600363,江西
600365,吉林
600366,浙江
600367,贵州
600368,广西
600369,重庆
600370,江苏
600371,黑龙江
600372,北京
600373,江西
600375,安徽
600376,北京
600377,江苏
600378,四川
600379,陕西
600380,广东
600381,青海
600382,广东
600383,广东
600385,山东
600386,北京
600387,浙江
600388,福建
600389,江苏
600390,湖南
600391,四川
600392,四川
600393,广东
600395,贵州
600396,辽宁
600397,江西
600398,江苏
600399,辽宁
600400,江苏
600403,河南
600405,北京
600406,江苏
600408,山西
600409,河北
600410,北京
600415,浙江
600416,湖南
600418,安徽
600419,新疆
600420,上海
600421,湖北
600422,云南
600423,广西
600425,新疆
600426,山东
600428,广东
600429,北京
600433,广东
600435,北京
600436,福建
600438,四川
600439,河南
600444,安徽
600446,广东
600448,山东
600449,宁夏
600452,重庆
600455,陕西
600456,陕西
600458,湖南
600459,云南
600460,浙江
600461,江西
600462,广东
600463,北京
600466,四川
600467,山东
600468,天津
600469,河南
600470,安徽
600475,江苏
600476,湖南
600477,浙江
600478,湖南
600479,湖南
600480,河北
600481,江苏
600482,河北
600483,福建
600485,北京
600486,江苏
600487,江苏
600488,天津
600489,北京
600490,上海
600491,浙江
600493,福建
600495,山西
600496,安徽
600497,云南
600498,湖北
600499,广东
600500,上海
600501,江苏
600502,安徽
600503,上海
600505,四川
600506,新疆
600507,江西
600508,上海
600509,新疆
600510,江苏
600511,北京
600512,浙江
600513,江苏
600515,海南
600516,甘肃
600517,上海
600518,广东
600519,贵州
600520,安徽
600521,浙江
600522,江苏
600523,贵州
600525,广东
600526,浙江
600527,江苏
600528,北京
600529,山东
600530,上海
600531,河南
600532,上海
600533,江苏
600535,天津
600536,北京
600537,浙江
600538,广西
600539,山西
600540,新疆
600543,甘肃
600545,新疆
600546,山西
600547,山东
600548,广东
600549,福建
600550,河北
600551,安徽
600552,安徽
600555,海南
600556,广西
600557,江苏
600558,四川
600559,河北
600560,北京
600561,江西
600562,江苏
600563,福建
600565,重庆
600566,湖北
600567,安徽
600568,湖北
600569,河南
600570,浙江
600571,浙江
600572,浙江
600573,福建
600575,安徽
600576,浙江
600577,安徽
600578,北京
600579,山东
600580,浙江
600581,新疆
600582,北京
600583,天津
600584,江苏
600585,安徽
600586,山东
600587,山东
600588,北京
600589,广东
600590,江西
600592,福建
600593,辽宁
600594,贵州
600595,河南
600596,浙江
600597,上海
600598,黑龙江
600599,湖南
600600,山东
600601,上海
600602,上海
600603,四川
600604,上海
600605,上海
600606,上海
600608,上海
600609,辽宁
600610,上海
600611,上海
600612,上海
600613,上海
600614,上海
600615,上海
600616,上海
600617,山西
600618,上海
600619,上海
600620,上海
600621,上海
600622,上海
600623,上海
600624,上海
600626,上海
600628,上海
600629,上海
600630,上海
600633,浙江
600634,上海
600635,上海
600636,上海
600637,上海
600638,上海
600639,上海
600640,上海
600641,上海
600642,上海
600643,上海
600644,四川
600645,天津
600647,上海
600648,上海
600649,上海
600650,上海
600651,上海
600652,上海
600653,上海
600654,上海
600655,上海
600657,北京
600658,北京
600660,福建
600661,上海
600662,上海
600663,上海
600664,黑龙江
600665,陕西
600666,黑龙江
600667,江苏
600668,浙江
600671,浙江
600673,广东
600674,四川
600675,上海
600676,上海
600677,浙江
600678,四川
600679,上海
600681,湖北
600682,江苏
600683,浙江
600684,广东
600685,广东
600686,福建
600687,甘肃
600688,上海
600689,上海
600690,山东
600691,山西
600692,上海
600693,福建
600694,辽宁
600695,上海
600696,上海
600697,吉林
600698,湖南
600699,浙江
600701,黑龙江
600702,四川
600703,湖北
600704,浙江
600705,黑龙江
600706,陕西
600707,陕西
600708,上海
600710,江苏
600711,福建
600712,广西
600713,江苏
600714,青海
600715,辽宁
600716,江苏
600717,天津
600718,辽宁
600719,辽宁
600720,甘肃
600721,新疆
600722,河北
600723,北京
600724,浙江
600725,云南
600726,黑龙江
600727,山东
600728,广东
600729,重庆
600730,北京
600731,湖南
600732,上海
600733,北京
600734,福建
600735,山东
600736,江苏
600737,新疆
600738,甘肃
600739,辽宁
600740,山西
600741,上海
600742,吉林
600743,北京
600744,湖南
600745,湖北
600746,江苏
600747,辽宁
600748,上海
600749,西藏
600750,江西
600751,天津
600753,福建
600754,上海
600755,福建
600756,山东
600757,湖北
600758,辽宁
600759,海南
600760,山东
600761,安徽
600763,浙江
600764,北京
600765,贵州
600766,山东
600767,上海
600768,浙江
600769,湖北
600770,江苏
600771,青海
600773,西藏
600774,湖北
600775,江苏
600776,浙江
600777,山东
600778,新疆
600779,四川
600780,山西
600781,河南
600782,江西
600783,山东
600784,山东
600785,宁夏
600787,天津
600789,山东
600790,浙江
600791,北京
600792,云南
600793,四川
600794,江苏
600795,辽宁
600796,浙江
600797,浙江
600798,浙江
600800,天津
600801,湖北
600802,福建
600803,河北
600804,四川
600805,江苏
600807,山东
600808,安徽
600809,山西
600810,河南
600811,黑龙江
600812,河北
600814,浙江
600815,福建
600816,上海
600817,河南
600818,上海
600819,上海
600820,上海
600821,天津
600822,上海
600823,上海
600824,上海
600825,上海
600826,上海
600827,上海
600828,四川
600829,黑龙江
600830,浙江
600831,陕西
600833,上海
600834,上海
600835,上海
600836,上海
600837,上海
600838,上海
600839,四川
600841,上海
600843,上海
600844,江苏
600845,上海
600846,上海
600847,重庆
600848,上海
600850,上海
600851,上海
600853,黑龙江
600854,江苏
600855,北京
600856,吉林
600857,浙江
600858,山东
600859,北京
600860,北京
600861,北京
600862,江苏
600863,内蒙古
600864,黑龙江
600865,浙江
600866,广东
600867,吉林
600868,广东
600869,青海
600870,福建
600871,北京
600872,广东
600873,西藏
600874,天津
600875,四川
600876,河南
600877,重庆
600879,湖北
600880,四川
600881,吉林
600882,上海
600883,云南
600884,浙江
600885,湖北
600886,北京
600887,内蒙古
600888,新疆
600889,江苏
600890,北京
600891,黑龙江
600892,广东
600893,陕西
600894,广东
600895,上海
600896,海南
600897,福建
600898,山东
600900,北京
600901,江苏
600903,贵州
600908,江苏
600909,安徽
600917,重庆
600919,江苏
600926,浙江
600928,陕西
600929,湖南
600933,浙江
600936,广西
600939,重庆
600958,上海
600959,江苏
600960,山东
600961,湖南
600962,北京
600963,湖南
600965,河北
600966,山东
600967,内蒙古
600968,北京
600969,湖南
600970,江苏
600971,安徽
600973,江苏
600975,湖南
600976,湖北
600977,北京
600978,广东
600979,四川
600980,北京
600981,江苏
600982,浙江
600983,安徽
600984,陕西
600985,安徽
600986,山东
600987,浙江
600988,内蒙古
600989,宁夏
600990,安徽
600992,贵州
600993,湖北
600995,云南
600996,贵州
600997,河北
600998,湖北
600999,广东
601000,河北
601001,山西
601002,浙江
601003,广西
601005,重庆
601006,山西
601007,江苏
601008,江苏
601009,江苏
601010,江苏
601011,黑龙江
601012,陕西
601015,陕西
601016,北京
601018,浙江
601019,山东
601020,西藏
601021,上海
601028,江苏
601038,河南
601058,山东
601066,北京
601068,北京
601069,新疆
601077,重庆
601086,甘肃
601088,北京
601098,湖南
601099,云南
601100,江苏
601101,北京
601106,黑龙江
601107,四川
601108,浙江
601111,北京
601113,浙江
601116,浙江
601117,北京
601118,海南
601126,北京
601127,重庆
601128,江苏
601137,浙江
601138,广东
601139,广东
601155,江苏
601158,重庆
601162,湖北
601163,山东
601166,福建
601168,青海
601169,北京
601177,浙江
601179,陕西
601186,北京
601188,黑龙江
601198,北京
601199,江苏
601200,上海
601208,四川
601211,上海
601212,甘肃
601216,内蒙古
601218,江苏
601222,江苏
601225,陕西
601226,北京
601228,广东
601229,上海
601231,上海
601233,浙江
601236,云南
601238,广东
601258,河北
601288,北京
601298,山东
601311,湖北
601318,广东
601319,北京
601326,河北
601328,上海
601330,广东
601333,广东
601336,北京
601339,浙江
601360,天津
601366,山东
601368,广西
601369,陕西
601375,河南
601377,福建
601388,江苏
601390,北京
601398,北京
601500,江苏
601515,广东
601518,吉林
601519,上海
601555,江苏
601558,北京
601566,福建
601567,浙江
601577,湖南
601579,浙江
601588,北京
601595,上海
601598,北京
601599,江苏
601600,北京
601601,上海
601606,安徽
601607,上海
601608,河南
601611,上海
601615,广东
601616,上海
601618,北京
601619,宁夏
601628,北京
601633,河北
601636,湖南
601666,河南
601668,北京
601669,北京
601677,河南
601678,山东
601688,江苏
601689,浙江
601698,北京
601699,山西
601700,江苏
601717,河南
601718,北京
601727,上海
601766,北京
601777,重庆
601788,上海
601789,浙江
601798,甘肃
601799,江苏
601800,北京
601801,安徽
601808,天津
601811,四川
601818,北京
601828,上海
601838,四川
601857,北京
601858,北京
601860,江苏
601865,浙江
601866,上海
601869,湖北
601872,上海
601877,浙江
601878,浙江
601880,辽宁
601881,北京
601882,浙江
601886,北京
601888,北京
601890,江苏
601898,北京
601899,福建
601900,广东
601901,湖南
601908,北京
601918,安徽
601919,天津
601928,江苏
601929,吉林
601933,福建
601939,北京
601949,北京
601952,江苏
601958,陕西
601965,重庆
601966,山东
601968,上海
601969,海南
601975,江苏
601985,北京
601988,北京
601989,北京
601990,江苏
601991,北京
601992,北京
601996,广西
601997,贵州
601998,北京
601999,辽宁
603000,北京
603001,浙江
603002,广东
603003,上海
603005,江苏
603006,上海
603007,江苏
603008,浙江
603009,上海
603010,浙江
603011,安徽
603012,上海
603013,江苏
603015,浙江
603016,江苏
603017,江苏
603018,江苏
603019,天津
603020,上海
603021,山东
603022,上海
603023,黑龙江
603025,北京
603026,山东
603027,四川
603028,江苏
603029,山东
603030,上海
603031,安徽
603032,新疆
603033,浙江
603035,江苏
603036,江苏
603037,上海
603038,广东
603039,上海
603040,浙江
603041,江苏
603042,江苏
603043,广东
603045,浙江
603050,河北
603055,浙江
603056,上海
603058,贵州
603059,江苏
603060,北京
603063,广东
603066,江苏
603067,湖北
603068,上海
603069,海南
603076,浙江
603077,四川
603078,江苏
603079,浙江
603080,新疆
603081,浙江
603083,上海
603085,浙江
603086,山东
603088,浙江
603089,浙江
603090,江苏
603093,浙江
603096,天津
603098,北京
603099,吉林
603100,重庆
603101,新疆
603103,浙江
603105,浙江
603106,天津
603108,上海
603110,浙江
603111,江苏
603113,山东
603115,江苏
603116,浙江
603117,江苏
603118,广东
603121,上海
603123,北京
603126,天津
603127,北京
603128,上海
603129,浙江
603131,上海
603133,江苏
603136,江苏
603138,北京
603139,陕西
603156,河北
603157,上海
603158,江苏
603159,上海
603160,广东
603161,江苏
603165,浙江
603166,广西
603167,山东
603168,浙江
603169,甘肃
603177,浙江
603178,浙江
603179,江苏
603180,福建
603181,浙江
603183,江苏
603185,江苏
603186,浙江
603187,山东
603188,江苏
603189,上海
603192,上海
603196,上海
603197,上海
603198,安徽
603199,安徽
603200,上海
603203,江苏
603208,浙江
603214,上海
603217,山东
603218,浙江
603220,湖北
603222,浙江
603223,山东
603225,浙江
603226,上海
603227,新疆
603228,广东
603229,浙江
603232,上海
603233,广东
603236,上海
603238,浙江
603239,浙江
603256,上海
603258,浙江
603259,江苏
603260,浙江
603266,浙江
603267,北京
603268,广东
603269,江苏
603277,浙江
603278,山东
603279,山东
603283,江苏
603286,江苏
603288,广东
603289,浙江
603297,浙江
603298,浙江
603299,江苏
603300,浙江
603301,浙江
603303,浙江
603305,浙江
603306,福建
603308,安徽
603309,广东
603311,浙江
603313,江苏
603315,辽宁
603316,浙江
603317,四川
603318,辽宁
603319,湖南
603320,浙江
603321,浙江
603322,广东
603323,江苏
603326,江苏
603327,四川
603328,广东
603329,上海
603330,上海
603331,浙江
603332,江苏
603333,四川
603335,广东
603336,广东
603337,浙江
603338,浙江
603339,江苏
603345,福建
603348,广东
603351,江苏
603355,江苏
603356,安徽
603357,安徽
603358,江苏
603359,江苏
603360,辽宁
603363,福建
603365,上海
603366,江苏
603367,山东
603368,广西
603369,江苏
603377,北京
603378,上海
603379,浙江
603380,江苏
603383,福建
603385,河北
603386,广东
603387,江苏
603388,浙江
603389,江苏
603393,新疆
603396,辽宁
603398,广东
603399,辽宁
603416,江苏
603421,山东
603429,安徽
603444,福建
603456,浙江
603458,贵州
603466,上海
603477,四川
603486,江苏
603488,江苏
603489,江苏
603496,上海
603499,上海
603500,浙江
603501,上海
603505,浙江
603506,浙江
603507,江苏
603508,河南
603515,上海
603516,北京
603517,湖南
603518,江苏
603519,江苏
603520,浙江
603527,安徽
603528,江苏
603530,江苏
603533,北京
603535,广东
603536,山东
603538,浙江
603555,福建
603556,浙江
603557,浙江
603558,浙江
603559,吉林
603566,河南
603567,黑龙江
603568,浙江
603569,北京
603577,山东
603578,浙江
603579,上海
603580,上海
603583,浙江
603585,江苏
603586,山东
603587,上海
603588,北京
603589,安徽
603590,北京
603595,浙江
603596,安徽
603598,北京
603599,安徽
603600,浙江
603601,重庆
603602,浙江
603603,北京
603605,浙江
603606,浙江
603607,浙江
603608,广东
603609,辽宁
603610,浙江
603611,浙江
603612,山东
603613,北京
603615,福建
603616,北京
603617,浙江
603618,浙江
603619,上海
603626,江苏
603628,福建
603629,江苏
603630,广东
603633,上海
603636,福建
603637,浙江
603638,山东
603639,山东
603648,上海
603650,上海
603655,江苏
603656,安徽
603657,浙江
603658,河南
603659,上海
603660,江苏
603661,浙江
603662,浙江
603663,福建
603665,浙江
603666,江苏
603667,浙江
603668,福建
603669,西藏
603676,西藏
603677,浙江
603678,福建
603679,四川
603680,江苏
603681,上海
603683,上海
603685,浙江
603686,福建
603687,浙江
603688,江苏
603689,安徽
603690,上海
603693,江苏
603696,福建
603697,重庆
603698,北京
603699,江苏
603700,浙江
603701,浙江
603703,浙江
603706,新疆
603707,江苏
603708,山东
603709,浙江
603711,浙江
603712,天津
603713,上海
603716,湖北
603717,重庆
603718,上海
603721,湖南
603722,江苏
603725,广东
603726,浙江
603727,天津
603728,上海
603729,上海
603730,上海
603733,浙江
603737,福建
603738,湖北
603739,山东
603755,山东
603757,浙江
603758,重庆
603766,重庆
603767,浙江
603768,安徽
603773,江西
603776,江苏
603777,上海
603778,北京
603779,山东
603786,上海
603787,江苏
603788,浙江
603789,浙江
603790,上海
603797,广东
603798,山东
603799,浙江
603800,江苏
603801,安徽
603803,北京
603806,浙江
603808,广东
603809,四川
603810,江苏
603811,浙江
603813,广东
603815,安徽
603816,浙江
603817,福建
603818,北京
603819,江苏
603822,浙江
603823,浙江
603825,北京
603826,福建
603828,江苏
603829,江苏
603833,广东
603838,广东
603839,浙江
603843,青海
603848,广东
603855,上海
603856,山东
603858,山东
603859,北京
603860,北京
603861,广东
603863,广东
603866,辽宁
603867,浙江
603868,上海
603869,广西
603871,北京
603876,江苏
603877,浙江
603878,江苏
603879,福建
603880,江苏
603881,上海
603882,广东
603883,湖南
603885,上海
603886,上海
603887,上海
603888,北京
603889,浙江
603890,江苏
603895,上海
603896,浙江
603897,浙江
603898,广东
603899,上海
603900,江苏
603901,浙江
603903,北京
603906,江苏
603908,浙江
603909,福建
603912,江苏
603915,江苏
603916,江苏
603917,浙江
603918,上海
603919,甘肃
603920,广东
603922,江苏
603926,浙江
603927,北京
603928,江苏
603929,江苏
603933,福建
603936,广东
603937,江苏
603938,河北
603939,湖南
603955,江苏
603956,上海
603958,江苏
603959,湖南
603960,上海
603963,云南
603966,江苏
603967,山东
603968,江苏
603969,天津
603970,北京
603976,重庆
603977,江西
603978,广东
603979,北京
603980,浙江
603982,江苏
603983,广东
603985,江苏
603986,北京
603987,上海
603988,江苏
603989,湖南
603990,江苏
603991,上海
603992,福建
603993,河南
603996,浙江
603997,浙江
603998,湖南
603999,甘肃
000001,广东
000002,广东
000004,广东
000005,广东
000006,广东
000007,广东
000008,北京
000009,广东
000010,广东
000011,广东
000012,广东
000014,广东
000016,广东
000017,广东
000018,广东
000019,广东
000020,广东
000021,广东
000023,广东
000025,广东
000026,广东
000027,广东
000028,广东
000029,广东
000030,吉林
000031,广东
000032,广东
000034,广东
000035,江苏
000036,广东
000037,广东
000038,广东
000039,广东
000040,广东
000042,广东
000043,广东
000045,广东
000046,北京
000048,广东
000049,广东
000050,广东
000055,广东
000056,广东
000058,广东
000059,辽宁
000060,广东
000061,广东
000062,广东
000063,广东
000065,北京
000066,广东
000068,广东
000069,广东
000070,广东
000078,广东
000088,广东
000089,广东
000090,广东
000096,广东
000099,广东
000100,广东
000150,广东
000151,北京
000153,安徽
000155,四川
000156,浙江
000157,湖南
000158,河北
000159,新疆
000166,新疆
000301,江苏
000333,广东
000338,山东
000400,河南
000401,河北
000402,北京
000403,山西
000404,江西
000407,山东
000408,青海
000409,山东
000410,辽宁
000411,浙江
000413,河北
000415,新疆
000416,山东
000417,安徽
000419,湖南
000420,吉林
000421,江苏
000422,湖北
000423,山东
000425,江苏
000426,内蒙古
000428,湖南
000429,广东
000430,湖南
000488,山东
000498,山东
000501,湖北
000502,广东
000503,海南
000504,湖南
000505,海南
000506,山东
000507,广东
000509,四川
000510,四川
000513,广东
000514,重庆
000516,陕西
000517,浙江
000518,江苏
000519,湖南
000520,湖北
000521,安徽
000523,广东
000524,广东
000525,江苏
000526,福建
000528,广西
000529,广东
000530,辽宁
000531,广东
000532,广东
000533,广东
000534,广东
000536,福建
000537,天津
000538,云南
000539,广东
000540,贵州
000541,广东
000543,安徽
000544,河南
000545,吉林
000546,吉林
000547,福建
000548,湖南
000550,江西
000551,江苏
000552,甘肃
000553,湖北
000554,山东
000555,广东
000557,宁夏
000558,浙江
000559,浙江
000560,云南
000561,陕西
000563,陕西
000564,陕西
000565,重庆
000566,海南
000567,海南
000568,四川
000570,江苏
000571,海南
000572,海南
000573,广东
000576,广东
000581,江苏
000582,广西
000584,江苏
000585,海南
000586,四川
000587,黑龙江
000589,贵州
000590,湖南
000591,重庆
000592,福建
000593,四川
000595,宁夏
000596,安徽
000597,辽宁
000598,四川
000599,山东
000600,河北
000601,广东
000603,北京
000605,北京
000606,青海
000607,浙江
000608,广西
000609,北京
000610,陕西
000611,内蒙古
000612,河南
000613,海南
000615,湖北
000616,辽宁
000617,新疆
000619,安徽
000620,北京
000622,湖南
000623,吉林
000625,重庆
000626,江苏
000627,湖北
000628,四川
000629,四川
000630,安徽
000631,吉林
000632,福建
000633,新疆
000635,宁夏
000636,广东
000637,广东
000638,吉林
000639,山东
000650,江西
000651,广东
000652,天津
000655,山东
000656,重庆
000657,海南
000659,广东
000661,吉林
000662,广西
000663,福建
000665,湖北
000666,北京
000667,云南
000668,上海
000669,吉林
000670,湖北
000671,福建
000672,甘肃
000673,山西
000676,河南
000677,山东
000678,湖北
000679,辽宁
000680,山东
000681,江苏
000682,山东
000683,内蒙古
000685,广东
000686,吉林
000687,河北
000688,重庆
000690,广东
000691,甘肃
000692,辽宁
000695,天津
000697,陕西
000698,辽宁
000700,江苏
000701,福建
000702,湖南
000703,广西
000705,浙江
000707,湖北
000708,湖北
000709,河北
000710,四川
000711,黑龙江
000712,广东
000713,安徽
000715,辽宁
000716,广西
000717,广东
000718,吉林
000719,河南
000720,山东
000721,陕西
000722,湖南
000723,山西
000725,北京
000726,山东
000727,江苏
000728,安徽
000729,北京
000731,四川
000732,福建
000733,贵州
000735,海南
000736,重庆
000737,山西
000738,江苏
000739,浙江
000750,广西
000751,辽宁
000752,西藏
000753,福建
000755,山西
000756,山东
000757,四川
000758,北京
000759,湖北
000760,湖北
000761,辽宁
000762,西藏
000766,吉林
000767,山西
000768,陕西
000776,广东
000777,江苏
000778,河北
000779,甘肃
000780,内蒙古
000782,广东
000783,湖北
000785,湖北
000786,北京
000788,重庆
000789,江西
000790,四川
000791,甘肃
000792,青海
000793,海南
000795,山西
000796,陕西
000797,福建
000798,北京
000799,湖南
000800,吉林
000801,四川
000802,北京
000803,四川
000806,广西
000807,云南
000809,辽宁
000810,四川
000811,山东
000812,陕西
000813,新疆
000815,宁夏
000816,江苏
000818,辽宁
000819,湖南
000820,江西
000821,湖北
000822,山东
000823,广东
000825,山西
000826,湖北
000828,广东
000829,江西
000830,山东
000831,山西
000833,广西
000835,四川
000836,天津
000837,陕西
000838,重庆
000839,北京
000848,河北
000850,安徽
000851,贵州
000852,湖北
000856,河北
000858,四川
000859,安徽
000860,北京
000861,广东
000862,宁夏
000863,上海
000868,安徽
000869,山东
000875,吉林
000876,四川
000877,新疆
000878,云南
000880,山东
000881,辽宁
000882,北京
000883,湖北
000885,河南
000886,海南
000887,安徽
000888,四川
000889,河北
000890,江苏
000892,重庆
000893,广东
000895,河南
000897,天津
000898,辽宁
000899,江西
000900,湖南
000901,黑龙江
000902,湖北
000903,云南
000905,福建
000906,浙江
000908,湖南
000909,浙江
000910,江苏
000911,广西
000912,四川
000913,浙江
000915,山东
000917,湖南
000918,浙江
000919,江苏
000920,贵州
000921,广东
000922,黑龙江
000923,河北
000925,浙江
000926,湖北
000927,天津
000928,吉林
000929,甘肃
000930,安徽
000931,北京
000932,湖南
000933,河南
000935,四川
000936,江苏
000937,河北
000938,北京
000939,湖北
000948,云南
000949,河南
000950,重庆
000951,山东
000952,湖北
000953,广西
000955,海南
000957,山东
000958,河北
000959,北京
000960,云南
000961,江苏
000962,宁夏
000963,浙江
000965,天津
000966,湖北
000967,浙江
000968,山西
000969,北京
000970,北京
000971,湖北
000972,新疆
000973,广东
000975,内蒙古
000976,广东
000977,山东
000978,广西
000980,浙江
000981,甘肃
000982,宁夏
000983,山西
000985,黑龙江
000987,广东
000988,湖北
000989,湖南
000990,江西
000993,福建
000995,甘肃
000996,北京
000997,福建
000998,湖南
000999,广东
001696,重庆
001872,广东
001896,河南
001965,天津
001979,广东
002001,浙江
002002,江苏
002003,浙江
002004,重庆
002005,安徽
002006,浙江
002007,河南
002008,广东
002009,江苏
002010,浙江
002011,浙江
002012,浙江
002013,湖北
002014,安徽
002015,江苏
002016,广东
002017,广东
002019,浙江
002020,浙江
002021,浙江
002022,上海
002023,四川
002024,江苏
002025,贵州
002026,山东
002027,广东
002028,上海
002029,福建
002030,广东
002031,广东
002032,浙江
002033,云南
002034,浙江
002035,广东
002036,江西
002037,贵州
002038,北京
002039,贵州
002040,江苏
002041,山东
002042,安徽
002043,浙江
002044,江苏
002045,广东
002046,河南
002047,广东
002048,浙江
002049,河北
002050,浙江
002051,北京
002052,广东
002053,云南
002054,广东
002055,广东
002056,浙江
002057,安徽
002058,上海
002059,云南
002060,广东
002061,浙江
002062,浙江
002063,广东
002064,浙江
002065,北京
002066,北京
002067,浙江
002068,江西
002069,辽宁
002071,江苏
002072,山东
002073,山东
002074,江苏
002075,江苏
002076,广东
002077,江苏
002078,山东
002079,江苏
002080,江苏
002081,江苏
002082,浙江
002083,山东
002084,广东
002085,浙江
002086,山东
002087,河南
002088,山东
002089,江苏
002090,江苏
002091,江苏
002092,新疆
002093,福建
002094,山东
002095,浙江
002096,湖南
002097,湖南
002098,福建
002099,浙江
002100,新疆
002101,广东
002102,福建
002103,浙江
002104,江苏
002105,广东
002106,广东
002107,山东
002108,河北
002109,陕西
002110,福建
002111,山东
002112,浙江
002113,湖南
002114,云南
002115,浙江
002116,上海
002117,山东
002118,吉林
002119,浙江
002120,浙江
002121,广东
002122,浙江
002123,辽宁
002124,浙江
002125,湖南
002126,浙江
002127,江苏
002128,内蒙古
002129,天津
002130,广东
002131,浙江
002132,河南
002133,浙江
002134,天津
002135,浙江
002136,安徽
002137,广东
002138,广东
002139,广东
002140,安徽
002141,广东
002142,浙江
002143,四川
002144,浙江
002145,甘肃
002146,河北
002147,安徽
002148,北京
002149,陕西
002150,江苏
002151,北京
002152,广东
002153,北京
002154,浙江
002155,湖南
002156,江苏
002157,江西
002158,上海
002159,湖北
002160,江苏
002161,广东
002162,上海
002163,广东
002164,浙江
002165,江苏
002166,广西
002167,广东
002168,广东
002169,广东
002170,广东
002171,安徽
002172,江苏
002173,浙江
002174,福建
002175,广西
002176,江西
002177,广东
002178,上海
002179,河南
002180,广东
002181,广东
002182,江苏
002183,广东
002184,上海
002185,甘肃
002186,北京
002187,广东
002188,浙江
002189,河南
002190,四川
002191,广东
002192,广东
002193,山东
002194,湖北
002195,上海
002196,浙江
002197,广东
002198,广东
002199,浙江
002200,云南
002201,江苏
002202,新疆
002203,浙江
002204,辽宁
002205,新疆
002206,浙江
002207,新疆
002208,安徽
002209,广东
002210,广东
002211,上海
002212,广东
002213,广东
002214,浙江
002215,广东
002216,河南
002217,福建
002218,广东
002219,甘肃
002220,辽宁
002221,江苏
002222,福建
002223,江苏
002224,浙江
002225,河南
002226,安徽
002227,广东
002228,福建
002229,福建
002230,安徽
002231,辽宁
002232,吉林
002233,广东
002234,山东
002235,福建
002236,浙江
002237,山东
002238,广东
002239,江苏
002240,广东
002241,山东
002242,山东
002243,广东
002244,浙江
002245,江苏
002246,四川
002247,浙江
002248,山东
002249,广东
002250,浙江
002251,湖南
002252,上海
002253,四川
002254,山东
002255,江苏
002256,广东
002258,四川
002259,四川
002260,广东
002261,湖南
002262,江苏
002263,浙江
002264,福建
002265,云南
002266,浙江
002267,陕西
002268,四川
002269,上海
002270,山东
002271,北京
002272,四川
002273,浙江
002274,江苏
002275,广西
002276,浙江
002277,湖南
002278,上海
002279,北京
002280,浙江
002281,湖北
002282,河北
002283,山东
002284,浙江
002285,广东
002286,山东
002287,西藏
002288,广东
002289,广东
002290,江苏
002291,广东
002292,广东
002293,江苏
002294,广东
002295,广东
002296,河南
002297,湖南
002298,安徽
002299,福建
002300,福建
002301,广东
002302,新疆
002303,广东
002304,江苏
002305,湖北
002306,北京
002307,新疆
002308,广东
002309,江苏
002310,北京
002311,广东
002312,四川
002313,广东
002314,广东
002315,江苏
002316,广东
002317,广东
002318,浙江
002319,广东
002320,海南
002321,河南
002322,浙江
002323,江苏
002324,上海
002325,广东
002326,浙江
002327,广东
002328,上海
002329,广西
002330,山东
002331,安徽
002332,浙江
002333,江苏
002334,广东
002335,福建
002336,广东
002337,天津
002338,吉林
002339,山东
002340,广东
002341,广东
002342,河北
002343,浙江
002344,浙江
002345,广东
002346,上海
002347,安徽
002348,广东
002349,江苏
002350,北京
002351,广东
002352,广东
002353,山东
002354,辽宁
002355,山东
002356,广东
002357,四川
002358,河南
002359,广东
002360,山西
002361,安徽
002362,北京
002363,山东
002364,浙江
002365,湖北
002366,四川
002367,江苏
002368,北京
002369,广东
002370,浙江
002371,北京
002372,浙江
002373,北京
002374,山东
002375,浙江
002376,山东
002377,湖北
002378,江西
002379,山东
002380,江苏
002381,浙江
002382,山东
002383,北京
002384,江苏
002385,北京
002386,四川
002387,江苏
002388,广东
002389,浙江
002390,贵州
002391,江苏
002392,北京
002393,天津
002394,江苏
002395,江苏
002396,福建
002397,湖南
002398,福建
002399,广东
002400,广东
002401,上海
002402,广东
002403,浙江
002404,浙江
002405,北京
002406,河南
002407,河南
002408,山东
002409,江苏
002410,北京
002411,陕西
002412,湖南
002413,江苏
002414,湖北
002415,浙江
002416,广东
002417,江苏
002418,浙江
002419,广东
002420,广东
002421,广东
002422,四川
002423,河南
002424,贵州
002425,广东
002426,江苏
002427,浙江
002428,云南
002429,广东
002430,浙江
002431,河南
002432,天津
002433,广东
002434,浙江
002435,江苏
002436,广东
002437,黑龙江
002438,江苏
002439,北京
002440,浙江
002441,广东
002442,河北
002443,浙江
002444,浙江
002445,江苏
002446,广东
002447,辽宁
002448,河南
002449,广东
002450,江苏
002451,上海
002452,湖南
002453,江苏
002454,上海
002455,江苏
002456,广东
002457,宁夏
002458,山东
002459,河北
002460,江西
002461,广东
002462,北京
002463,江苏
002464,江苏
002465,广东
002466,四川
002467,北京
002468,浙江
002469,山东
002470,山东
002471,江苏
002472,浙江
002473,浙江
002474,福建
002475,广东
002476,山东
002478,江苏
002479,浙江
002480,四川
002481,山东
002482,广东
002483,江苏
002484,江苏
002485,山东
002486,上海
002487,辽宁
002488,浙江
002489,浙江
002490,山东
002491,江苏
002492,广东
002493,浙江
002494,河北
002495,广东
002496,江苏
002497,四川
002498,山东
002499,江苏
002500,山西
002501,吉林
002502,广东
002503,广东
002504,北京
002505,湖南
002506,上海
002507,重庆
002508,浙江
002509,福建
002510,天津
002511,广东
002512,福建
002513,江苏
002514,江苏
002515,浙江
002516,江苏
002517,福建
002518,广东
002519,江苏
002520,浙江
002521,山东
002522,浙江
002523,湖南
002524,新疆
002526,山东
002527,上海
002528,广东
002529,福建
002530,江苏
002531,江苏
002532,浙江
002533,湖南
002534,浙江
002535,河南
002536,河南
002537,山东
002538,安徽
002539,四川
002540,江苏
002541,安徽
002542,北京
002543,广东
002544,广东
002545,山东
002546,江苏
002547,江苏
002548,广东
002549,湖南
002550,江苏
002551,广东
002552,浙江
002553,江苏
002554,北京
002555,安徽
002556,安徽
002557,安徽
002558,重庆
002559,江苏
002560,河南
002561,上海
002562,浙江
002563,浙江
002564,江苏
002565,上海
002566,吉林
002567,湖南
002568,上海
002569,浙江
002570,浙江
002571,安徽
002572,广东
002573,北京
002574,浙江
002575,广东
002576,江苏
002577,广东
002578,福建
002579,广东
002580,山东
002581,山东
002582,河南
002583,广东
002584,广东
002585,江苏
002586,浙江
002587,广东
002588,山东
002589,山东
002590,浙江
002591,江西
002592,广西
002593,福建
002594,广东
002595,山东
002596,海南
002597,安徽
002598,山东
002599,北京
002600,广东
002601,河南
002602,浙江
002603,河北
002604,山东
002605,上海
002606,辽宁
002607,安徽
002608,江苏
002609,广东
002610,江苏
002611,广东
002612,北京
002613,河南
002614,福建
002615,浙江
002616,广东
002617,浙江
002618,广东
002619,浙江
002620,广东
002621,辽宁
002622,吉林
002623,江苏
002624,浙江
002625,浙江
002626,福建
002627,湖北
002628,四川
002629,浙江
002630,四川
002631,江苏
002632,浙江
002633,浙江
002634,浙江
002635,江苏
002636,上海
002637,浙江
002638,广东
002639,福建
002640,山西
002641,浙江
002642,北京
002643,山东
002644,甘肃
002645,江苏
002646,青海
002647,浙江
002648,浙江
002649,北京
002650,湖南
002651,四川
002652,江苏
002653,西藏
002654,广东
002655,山东
002656,广东
002657,北京
002658,北京
002659,北京
002660,广东
002661,湖南
002662,北京
002663,广东
002664,浙江
002665,北京
002666,广东
002667,辽宁
002668,广东
002669,上海
002670,广东
002671,山东
002672,广东
002673,陕西
002674,福建
002675,山东
002676,广东
002677,浙江
002678,广东
002679,福建
002680,江苏
002681,广东
002682,福建
002683,广东
002684,广东
002685,江苏
002686,浙江
002687,浙江
002688,内蒙古
002689,辽宁
002690,安徽
002691,河北
002692,江苏
002693,海南
002694,湖北
002695,江西
002696,广西
002697,四川
002698,黑龙江
002699,浙江
002700,新疆
002701,北京
002702,福建
002703,浙江
002705,广东
002706,上海
002707,北京
002708,江苏
002709,广东
002711,广东
002712,浙江
002713,北京
002714,河南
002715,广东
002716,湖南
002717,广东
002718,浙江
002719,新疆
002721,北京
002722,江苏
002723,广东
002724,广东
002725,浙江
002726,山东
002727,云南
002728,广东
002729,福建
002730,浙江
002731,辽宁
002732,广东
002733,广东
002734,江苏
002735,广东
002736,广东
002737,黑龙江
002738,北京
002739,北京
002740,福建
002741,广东
002742,重庆
002743,安徽
002745,广东
002746,山东
002747,江苏
002748,江西
002749,四川
002750,云南
002751,广东
002752,福建
002753,山西
002755,北京
002756,浙江
002757,广东
002758,浙江
002759,广东
002760,安徽
002761,湖南
002762,广东
002763,广东
002765,重庆
002766,广东
002767,浙江
002768,山东
002769,广东
002770,河南
002771,北京
002772,甘肃
002773,四川
002774,广东
002775,广东
002776,广东
002777,四川
002778,江苏
002779,浙江
002780,北京
002781,广东
002782,广东
002783,湖北
002785,福建
002786,广东
002787,江苏
002788,福建
002789,广东
002790,福建
002791,广东
002792,广东
002793,浙江
002795,浙江
002796,江苏
002797,广东
002798,四川
002799,陕西
002800,新疆
002801,浙江
002802,江苏
002803,福建
002805,山东
002806,广东
002807,江苏
002808,江苏
002809,广东
002810,山东
002811,广东
002812,云南
002813,广东
002815,广东
002816,广东
002817,安徽
002818,四川
002819,北京
002820,天津
002821,天津
002822,广东
002823,广东
002824,广东
002825,上海
002826,西藏
002827,西藏
002828,新疆
002829,北京
002830,广东
002831,广东
002832,广东
002833,广东
002835,广东
002836,广东
002837,广东
002838,山东
002839,江苏
002840,浙江
002841,广东
002842,广东
002843,湖南
002845,广东
002846,广东
002847,湖南
002848,湖南
002849,浙江
002850,广东
002851,广东
002852,湖南
002853,广东
002855,广东
002856,广东
002857,河南
002858,上海
002859,浙江
002860,浙江
002861,湖北
002862,广东
002863,浙江
002864,陕西
002865,海南
002866,江苏
002867,广东
002868,福建
002869,广东
002870,广东
002871,山东
002872,重庆
002873,贵州
002875,广东
002876,广东
002877,江苏
002878,北京
002879,湖南
002880,广东
002881,广东
002882,广东
002883,江苏
002884,广东
002885,广东
002886,广东
002887,天津
002888,广东
002889,广东
002890,山东
002891,山东
002892,湖南
002893,北京
002895,贵州
002896,浙江
002897,浙江
002898,广东
002899,山东
002900,黑龙江
002901,福建
002902,广东
002903,湖南
002905,广东
002906,广东
002907,重庆
002908,广东
002909,广东
002910,甘肃
002911,广东
002912,广东
002913,湖南
002915,浙江
002916,广东
002917,广东
002918,广东
002919,广东
002920,广东
002921,山东
002922,广东
002923,广东
002925,福建
002926,四川
002927,贵州
002928,贵州
002929,广西
002930,广东
002931,浙江
002932,湖北
002933,北京
002935,四川
002936,河南
002937,浙江
002938,广东
002939,广东
002940,浙江
002941,新疆
002942,浙江
002943,湖南
002945,西藏
002946,四川
002947,江苏
002948,山东
002949,广东
002950,湖北
002951,四川
002952,辽宁
002953,广东
002955,北京
002956,广西
002957,广东
002958,山东
002959,广东
002960,河北
002961,福建
002962,湖北
002963,北京
002965,广东
002966,江苏
002967,广东
003816,广东
300001,山东
300002,北京
300003,北京
300004,广东
300005,北京
300006,重庆
300007,河南
300008,上海
300009,安徽
300010,北京
300011,北京
300012,广东
300013,江苏
300014,广东
300015,湖南
300016,北京
300017,上海
300018,湖北
300019,四川
300020,浙江
300021,甘肃
300022,四川
300023,陕西
300024,辽宁
300025,浙江
300026,天津
300027,浙江
300028,四川
300029,江苏
300030,广东
300031,江苏
300032,浙江
300033,浙江
300034,北京
300035,湖南
300036,北京
300037,广东
300038,北京
300039,上海
300040,黑龙江
300041,湖北
300042,广东
300043,广东
300044,广东
300045,北京
300046,湖北
300047,广东
300048,北京
300049,内蒙古
300050,广东
300051,福建
300052,广东
300053,广东
300054,湖北
300055,北京
300056,福建
300057,广东
300058,北京
300059,上海
300061,上海
300062,福建
300063,广东
300064,河南
300065,北京
300066,江西
300067,上海
300068,浙江
300069,浙江
300070,北京
300071,北京
300072,北京
300073,北京
300074,上海
300075,北京
300076,浙江
300077,广东
300078,浙江
300079,北京
300080,河南
300081,北京
300082,辽宁
300083,广东
300084,甘肃
300085,广东
300086,海南
300087,安徽
300088,安徽
300089,广东
300090,安徽
300091,江苏
300092,四川
300093,广东
300094,广东
300095,江西
300096,福建
300097,辽宁
300098,广东
300099,山东
300100,浙江
300101,四川
300102,福建
300103,陕西
300104,北京
300105,山东
300106,新疆
300107,河北
300108,吉林
300109,河南
300110,山东
300111,浙江
300112,广东
300113,浙江
300114,陕西
300115,广东
300116,陕西
300117,北京
300118,浙江
300119,天津
300120,天津
300121,山东
300122,重庆
300123,湖南
300124,广东
300125,辽宁
300126,上海
300127,四川
300128,江苏
300129,上海
300130,广东
300131,广东
300132,福建
300133,浙江
300134,广东
300135,江苏
300136,广东
300137,河北
300138,河北
300139,北京
300140,陕西
300141,江苏
300142,云南
300143,广东
300144,浙江
300145,浙江
300146,广东
300147,广东
300148,湖南
300149,广东
300150,北京
300151,广东
300152,河北
300153,上海
300154,广东
300155,广东
300156,北京
300157,北京
300158,山西
300159,新疆
300160,江苏
300161,湖北
300162,广东
300163,浙江
300164,陕西
300165,江苏
300166,北京
300167,广东
300168,上海
300169,江苏
300170,上海
300171,上海
300172,江苏
300173,广东
300174,福建
300175,山东
300176,广东
300177,广东
300178,广东
300179,河南
300180,上海
300181,浙江
300182,北京
300183,山东
300184,湖北
300185,山东
300187,湖南
300188,福建
300189,海南
300190,江苏
300191,北京
300192,江苏
300193,广东
300194,重庆
300195,天津
300196,江苏
300197,广东
300198,福建
300199,广东
300200,北京
300201,江苏
300202,辽宁
300203,浙江
300204,北京
300205,湖北
300206,广东
300207,广东
300208,山东
300209,江苏
300210,辽宁
300211,江苏
300212,北京
300213,北京
300214,山东
300215,江苏
300216,湖南
300217,江苏
300218,安徽
300219,广东
300220,湖北
300221,广东
300222,上海
300223,北京
300224,山东
300225,上海
300226,上海
300227,广东
300228,江苏
300229,北京
300230,上海
300231,北京
300232,广东
300233,山东
300234,浙江
300235,广东
300236,上海
300237,山东
300238,广东
300239,内蒙古
300240,江苏
300241,广东
300242,广东
300243,山东
300244,浙江
300245,上海
300246,广东
300247,安徽
300248,河南
300249,四川
300250,浙江
300251,北京
300252,广东
300253,上海
300254,山西
300255,河北
300256,浙江
300257,浙江
300258,江苏
300259,河南
300260,江苏
300261,江苏
300262,上海
300263,河南
300264,广东
300265,江苏
300266,浙江
300267,湖南
300268,湖南
300269,广东
300270,浙江
300271,北京
300272,上海
300273,广东
300274,安徽
300275,重庆
300276,湖北
300277,广东
300278,湖北
300279,江苏
300280,江苏
300281,广东
300282,北京
300283,浙江
300284,江苏
300285,山东
300286,上海
300287,北京
300288,贵州
300289,北京
300290,辽宁
300291,北京
300292,江苏
300293,辽宁
300294,江西
300295,江苏
300296,北京
300297,广东
300298,湖南
300299,福建
300300,浙江
300301,广东
300302,北京
300303,广东
300304,江苏
300305,江苏
300306,浙江
300307,浙江
300308,山东
300309,北京
300310,广东
300311,广东
300312,北京
300313,新疆
300314,浙江
300315,北京
300316,浙江
300317,广东
300318,北京
300319,广东
300320,江苏
300321,山东
300322,广东
300323,湖北
300324,北京
300325,江苏
300326,上海
300327,上海
300328,广东
300329,浙江
300330,上海
300331,江苏
300332,北京
300333,广东
300334,天津
300335,广东
300336,上海
300337,江苏
300338,湖南
300339,江苏
300340,广东
300341,福建
300342,江苏
300343,山东
300344,北京
300345,湖南
300346,江苏
300347,浙江
300348,广东
300349,浙江
300350,广东
300351,浙江
300352,北京
300353,北京
300354,江苏
300355,内蒙古
300356,江苏
300357,浙江
300358,湖南
300359,广东
300360,浙江
300362,四川
300363,重庆
300364,北京
300365,北京
300366,四川
300367,北京
300368,河北
300369,北京
300370,北京
300371,河北
300373,江苏
300374,北京
300375,天津
300376,广东
300377,广东
300378,上海
300379,北京
300380,上海
300381,广东
300382,江苏
300383,北京
300384,北京
300385,江苏
300386,北京
300387,湖北
300388,安徽
300389,广东
300390,江苏
300391,山东
300392,北京
300393,江苏
300394,江苏
300395,湖北
300396,吉林
300397,陕西
300398,上海
300399,北京
300400,广东
300401,浙江
300402,江苏
300403,广东
300404,广东
300405,辽宁
300406,北京
300407,天津
300408,广东
300409,广东
300410,广东
300411,浙江
300412,浙江
300413,湖南
300414,四川
300415,广东
300416,江苏
300417,广东
300418,北京
300419,北京
300420,江苏
300421,江苏
300422,广西
300423,山东
300424,广东
300425,四川
300426,浙江
300427,福建
300428,河北
300429,江苏
300430,北京
300431,北京
300432,四川
300433,湖南
300434,四川
300435,浙江
300436,福建
300437,河南
300438,广东
300439,浙江
300440,四川
300441,浙江
300442,上海
300443,山东
300444,北京
300445,北京
300446,河北
300447,江苏
300448,广东
300449,北京
300450,江苏
300451,浙江
300452,安徽
300453,江西
300454,广东
300455,北京
300456,北京
300457,广东
300458,广东
300459,浙江
300460,广东
300461,浙江
300462,上海
300463,四川
300464,广东
300465,北京
300466,江苏
300467,四川
300468,广东
300469,上海
300470,四川
300471,四川
300472,北京
300473,辽宁
300474,湖南
300475,安徽
300476,广东
300477,北京
300478,浙江
300479,山东
300480,河南
300481,河南
300482,广东
300483,上海
300484,广东
300485,北京
300486,山西
300487,陕西
300488,浙江
300489,黑龙江
300490,湖南
300491,河北
300492,四川
300493,上海
300494,湖北
300495,江苏
300496,北京
300497,江西
300498,广东
300499,广东
300500,江苏
300501,上海
300502,四川
300503,广东
300504,四川
300505,云南
300506,广东
300507,江苏
300508,上海
300509,江苏
300510,吉林
300511,上海
300512,浙江
300513,北京
300514,广东
300515,湖南
300516,湖北
300517,湖北
300518,广东
300519,浙江
300520,安徽
300521,广东
300522,江苏
300523,北京
300525,福建
300526,广东
300527,湖北
300528,江苏
300529,广东
300530,广东
300531,广东
300532,广东
300533,广东
300534,甘肃
300535,四川
300536,湖北
300537,江苏
300538,广东
300539,浙江
300540,四川
300541,北京
300542,北京
300543,广东
300545,广东
300546,广东
300547,四川
300548,浙江
300549,江苏
300550,浙江
300551,上海
300552,北京
300553,浙江
300554,江苏
300555,江苏
300556,广东
300557,湖北
300558,浙江
300559,四川
300560,福建
300561,广东
300562,广东
300563,江苏
300564,西藏
300565,广东
300566,浙江
300567,湖北
300568,广东
300569,山东
300570,广东
300571,浙江
300572,广东
300573,辽宁
300575,江苏
300576,广东
300577,安徽
300578,上海
300579,北京
300580,江苏
300581,陕西
300582,浙江
300583,山东
300584,江苏
300585,江苏
300586,广东
300587,浙江
300588,新疆
300589,广东
300590,上海
300591,广东
300592,湖南
300593,北京
300594,山东
300595,安徽
300596,天津
300597,吉林
300598,江苏
300599,广东
300600,江苏
300601,广东
300602,广东
300603,新疆
300604,浙江
300605,福建
300606,广东
300607,广东
300608,北京
300609,上海
300610,江苏
300611,浙江
300612,北京
300613,上海
300615,广东
300616,广东
300617,江苏
300618,江苏
300619,广东
300620,广东
300621,广东
300622,广东
300623,江苏
300624,西藏
300625,广东
300626,浙江
300627,上海
300628,福建
300629,广东
300630,海南
300631,江苏
300632,福建
300633,广东
300634,广东
300635,广东
300636,江西
300637,浙江
300638,广东
300639,广东
300640,福建
300641,江苏
300642,上海
300643,浙江
300644,江苏
300645,浙江
300647,广东
300648,福建
300649,浙江
300650,福建
300651,江苏
300652,浙江
300653,山东
300654,山东
300655,江苏
300656,广东
300657,福建
300658,福建
300659,山东
300660,江苏
300661,北京
300662,北京
300663,北京
300664,江苏
300665,湖南
300666,浙江
300667,北京
300668,广东
300669,浙江
300670,江苏
300671,广东
300672,湖南
300673,浙江
300674,北京
300675,广东
300676,广东
300677,山东
300678,四川
300679,广东
300680,江苏
300681,广东
300682,江苏
300683,湖北
300684,北京
300685,福建
300686,广东
300687,广东
300688,北京
300689,广东
300690,山东
300691,广东
300692,安徽
300693,广东
300694,江苏
300695,浙江
300696,四川
300697,江苏
300698,浙江
300699,山东
300700,湖南
300701,河南
300702,浙江
300703,浙江
300705,湖南
300706,福建
300707,江苏
300708,江苏
300709,江苏
300710,浙江
300711,广东
300712,福建
300713,广东
300715,江苏
300716,广东
300717,江苏
300718,浙江
300719,北京
300720,广东
300721,江苏
300722,江西
300723,广东
300724,广东
300725,江苏
300726,湖南
300727,浙江
300729,浙江
300730,湖南
300731,广东
300732,河南
300733,四川
300735,广东
300736,北京
300737,广东
300738,广东
300739,广东
300740,湖南
300741,西藏
300742,江苏
300743,浙江
300745,广东
300746,浙江
300747,湖北
300748,江西
300749,广东
300750,福建
300751,江苏
300752,广东
300753,江苏
300755,云南
300756,广东
300757,江苏
300758,辽宁
300759,北京
300760,广东
300761,江苏
300762,上海
300763,浙江
300765,河北
300766,浙江
300767,云南
300768,浙江
300769,广东
300770,广东
300771,广东
300772,浙江
300773,北京
300775,陕西
300776,湖北
300777,江苏
300778,广东
300779,山东
300780,四川
300781,广东
300782,江苏
300783,安徽
300785,北京
300786,山东
300787,江西
300788,北京
300789,四川
300790,广东
300791,广东
300792,浙江
300793,广东
300795,浙江
300796,浙江
300797,北京
300799,北京
300800,湖南
300802,上海
300803,北京
300805,广东
