stock_id,chief_name
600000,高国富
600004,邱嘉臣
600006,丁绍斌
600007,林明志
600008,刘永政
600009,贾锐军
600010,李德刚
600011,舒印彪
600012,乔传福
600015,李民吉
600016,洪崎
600017,王建波
600018,顾金山
600019,邹继新
600020,马沉重
600021,王运丹
600022,王向东
600023,孙玮恒
600025,袁湘华
600026,刘汉波
600027,王绪祥
600028,戴厚良
600029,王昌顺
600030,张佑君
600031,梁稳根
600033,陈岳峰
600035,王南军
600036,李建红
600037,郭章鹏
600038,曲景文
600039,孙云
600048,宋广菊
600050,王晓初
600051,李水荣
600052,张霞
600053,蔡蕾
600054,章德辉
600055,谢宇峰
600056,高渝文
600057,张水利
600058,刘青春
600059,钱肖华
600060,程开训
600061,叶柏寿
600062,冯毅
600063,吴福胜
600064,徐益民
600066,汤玉祥
600067,韩孝煌
600068,陈晓华
600069,顾琦
600070,赵林中
600071,刘翔
600072,周辉
600073,吴通红
600074,丁立红
600075,宋晓玲
600076,郭志先
600077,俞建午
600078,江永康
600079,王学海
600080,吴一坚
600081,陈兴林
600082,任宇
600083,汤永庐
600084,崔明宏
600085,高振坤
600086,张文风
600088,唐世鼎
600089,张新
600090,张美华
600091,李国春
600093,任子翔
600094,俞培俤
600095,史建明
600096,张文学
600097,谢峰
600098,伍竹林
600099,刘群
600100,周立业
600101,王更生
600103,张小强
600104,陈虹
600105,莫林弟
600106,江津
600107,陈京南
600108,李克华
600109,冉云
600110,陈立志
600111,赵殿清
600112,朱洪彬
600113,杨作军
600114,朱志荣
600115,刘绍勇
600116,叶建桥
600117,尹良求
600118,张洪太
600119,居亮
600120,金朝萍
600121,于泽阳
600122,廖帆
600123,李晓明
600125,--
600126,吴东明
600127,全臻
600128,吴廷昌
600129,李阳春
600130,徐立华
600131,吴耕
600132,Roland Arthur Lawrence(罗磊)
600133,杨涛
600135,滕方迁
600136,易仁涛
600137,翁荣弟
600138,康国明
600139,夏勇
600141,李国璋
600143,袁志敏
600145,黄伟
600146,罗俊
600148,于中赤
600149,王大为
600150,雷凡培
600151,张建功
600152,何承命
600153,张勇峰
600155,陶永泽
600156,杨洁
600157,王广西
600158,王卫东
600159,马云虎
600160,胡仲明
600161,杨晓明
600162,翟美卿
600163,张骏
600165,高小平
600166,张夕勇
600167,苏壮强
600168,黄思
600169,王创民
600170,徐征
600171,董浩然
600172,乔秋生
600173,陈嫣妮
600175,闻掌华
600176,曹江林
600177,李如成
600178,陈笠宝
600179,郑少平
600180,燕刚
600182,李怀靖
600183,刘述峰
600184,李克炎
600185,鲁君四
600186,王维法
600187,尹峻
600188,李希勇
600189,姜长龙
600190,徐健
600191,宋卫东
600192,张志明
600193,翟金水
600195,王建成
600196,"陈启宇,姚方"
600197,陈智
600198,黄志勤
600199,宁中伟
600200,赵唯一
600201,张翀宇
600202,刘铭山
600203,卞志航
600206,熊柏青
600207,何毅敏
600208,林俊波
600209,高松
600210,沈雯
600211,陈达彬
600212,杨智刚
600213,钱栋
600215,吴锦华
600216,李春波
600217,管爱国
600218,谢力
600219,程仁策
600220,陈丽芬
600221,徐军
600222,李景亮
600223,董红林
600225,阎鹏
600226,沈培今
600227,丁林洪
600228,李季
600229,王为达
600230,谢华生
600231,文广
600232,傅国定
600233,喻会蛟
600234,徐啟瑞
600235,曹继华
600236,王森
600237,唐忠民
600238,冯彪
600239,杨涛
600240,余威
600241,罗卫明
600242,--
600243,于世光
600246,江泓毅
600247,方项
600248,高建成
600249,林钻煌
600250,徐德健
600251,刘中海
600252,焦明
600255,宋志刚
600256,吴晓勇
600257,罗订坤
600258,周红(代)
600259,吴泽林
600260,朱弟雄
600261,陈卫
600262,高汝森
600265,程霄
600266,陈代华
600267,蒋国平
600268,王凤蛟
600269,王国强
600271,马天晖
600272,庄虔赟
600273,管建忠
600275,高士庆
600276,孙飘扬
600277,王文彪
600278,季胜君
600279,杨昌学
600280,祝珺
600281,赵英杰
600282,黄一新
600283,叶建桥
600284,--
600285,熊伟
600287,高松
600288,鲁勇志
600289,田绪文
600290,陈孟列
600291,郭予丰
600292,郑武生
600293,许锡忠
600295,王臻
600297,李建平
600298,熊涛
600299,郝志刚
600300,杨启典
600301,周小溪
600302,杜俊康
600303,胡新文
600305,张玉宏
600306,王奇
600307,阮强
600308,李晓亮
600309,廖增太
600310,秦敏
600311,刘永
600312,成卫
600313,刘辉
600315,张东方
600316,洪蛟
600317,司政
600318,吴昊
600319,韩海滨
600320,朱连宇
600321,何延龙
600322,郭维成
600323,林耀棠
600325,李光宁
600326,多吉罗布
600327,高兵华
600328,李德禄
600329,李立群
600330,潘建清
600331,黄建军
600332,李楚源
600333,张志超
600335,陈有权
600336,李蔚
600337,寇卫平
600338,黄建荣
600339,白玉光
600340,王文学
600343,周利民
600345,夏存海
600346,范红卫
600348,杨乃时
600350,赛志毅
600351,任武贤
600352,阮伟祥
600353,刘卫东
600354,马宗海
600355,张学阳
600356,徐祥
600358,曾少雄
600359,白宏本
600360,夏增文
600361,陈琳
600362,龙子平
600363,曾智斌
600365,何为民
600366,竺晓东
600367,郭汉光
600368,周异助
600369,廖庆轩
600370,卞惠良
600371,管大源
600372,张昆辉
600373,赵东亮
600375,刘汉如
600376,李岩
600377,顾德军
600378,胡冬晨
600379,李军望
600380,朱保国
600381,张雪峰
600382,张坚力
600383,凌克
600385,林云
600386,王春杰
600387,邱国良
600388,何媚
600389,薛健
600390,任珠峰
600391,杨育武
600392,胡泽松
600393,杨树坪
600395,易国晶
600396,李延群
600397,熊腊元
600398,周建平
600399,季永新
600400,刘连红
600403,吴同性
600405,何振亚
600406,冷俊
600408,杨锦龙
600409,王春生
600410,王维航
600415,赵文阁
600416,周健君
600418,安进
600419,刘让
600420,周斌
600421,周梁辉
600422,汪思洋
600423,陆胜云
600425,郑术建
600426,常怀春
600428,丁农
600429,常毅
600433,张强
600435,苏立航
600436,刘建顺
600438,谢毅
600439,郑有全
600444,窦万波
600446,赵剑
600448,王力民
600449,尹自波
600452,杨作祥
600455,王萍
600456,王文生
600458,杨首一
600459,郭俊梅
600460,陈向东
600461,邵涛
600462,--
600463,卞云鹏
600466,杨铿
600467,唐传勤
600468,赵久占
600469,王锋
600470,缪振虎
600475,蒋志坚
600476,董志宏
600477,张振勇(代)
600478,钟发平
600479,江端预
600480,赵延成
600481,缪文彬
600482,姚祖辉(代)
600483,林金本
600485,王靖
600486,程晓曦
600487,钱建林
600488,张杰
600489,刘冰(代)
600490,楼定波
600491,赖振元
600493,陈澄清
600495,张朝宏
600496,方朝阳
600497,孙勇
600498,鲁国庆
600499,边程
600500,--
600501,薛亮
600502,王厚良
600503,李荣强
600505,牟昊
600506,陈义斌
600507,汪春雷
600508,包正明
600509,刘伟
600510,戈亚芳
600511,姜修昌
600512,叶林富
600513,夏春来
600515,鲁晓明
600516,党锡江
600517,宋云翔
600518,马兴田
600519,李保芳
600520,黄言勇
600521,李宏
600522,薛济萍
600523,唐海滨
600525,吴启权
600526,舒英钢
600527,陶冶
600528,易铁军
600529,扈永刚
600530,杨国平
600531,杨安国
600532,俞倪荣
600533,江劲松
600535,闫凯境
600536,陈小军
600537,李静武
600538,潘利斌
600539,吴旭
600540,马晓宏
600543,赵国柱
600545,潘雪平
600546,王为民
600547,李国红
600548,胡伟
600549,黄长庚
600550,文洪
600551,王民
600552,夏宁
600555,李忠
600556,李檬
600557,肖伟
600558,李欣雨
600559,刘彦龙
600560,胡宇
600561,王晓
600562,胡明春
600563,严春光
600565,罗韶颖
600566,曹龙祥
600567,吴明武
600568,叶继革
600569,李利剑
600570,彭政纲
600571,耿俊岭
600572,胡季强
600573,刘翔宇
600575,王戎
600576,燕东来
600577,李晓
600578,耿养谋
600579,白忻平
600580,陈建成
600581,沈东新
600582,胡善亭
600583,于毅
600584,周子学
600585,高登榜
600586,王刚
600587,许尚峰
600588,王文京
600589,杨宝生
600590,黄代放
600592,曾凡沛
600593,王双宏
600594,窦啟玲
600595,崔红松
600596,吴建华
600597,濮韶华
600598,刘长友
600599,李民
600600,黄克兴
600601,刘建
600602,黄金刚
600603,蒙科良
600604,罗岚
600605,杨张峰
600606,张玉良
600608,雷升逵
600609,刘同富
600610,马建国
600611,杨国平
600612,石力华
600613,张芝庭
600614,侯林
600615,涂建敏
600616,朱航明
600617,刘军
600618,黄岱列
600619,董鑑华
600620,叶茂菁
600621,蔡小庆
600622,赵威
600623,刘训峰
600624,赵文斌
600626,姚明华
600628,徐若海
600629,秦宝华
600630,王卫民
600633,程为民
600634,杨影
600635,杨国平
600636,王志学
600637,王建军
600638,仇瑜峰
600639,王颖
600640,李安民
600641,朱旭东
600642,须伟泉
600643,王均金
600644,林双庆
600645,龚虹嘉
600647,刘社梅
600648,刘宏
600649,戴光铭
600650,张晓强
600651,黄金刚
600652,谢鹏
600653,李晓航
600654,吴博文
600655,徐晓亮
600657,丁晓杰
600658,王岩
600660,曹德旺
600661,周传有
600662,叶章毅
600663,李晋昭
600664,张镇平
600665,袁旺家
600666,杨鑫宏
600667,赵振元
600668,蒋晓萌
600671,赵非凡
600673,张寓帅
600674,刘体斌
600675,朱嘉骏
600676,张仁良
600677,余德海
600678,梁斐
600679,周卫中
600681,王东海
600682,翟凌云
600683,魏怡
600684,郑洪伟
600685,韩广德
600686,谢思瑜(代)
600687,徐景琪
600688,吴海君
600689,邹宁
600690,梁海山
600691,冯志武
600692,梁峻
600693,施文义
600694,牛钢
600695,龙炼
600696,陈琪
600697,曹和平
600698,黄毅
600699,王剑峰
600701,王明秀
600702,刘力
600703,林志强
600704,王挺革
600705,录大恩
600706,杨进
600707,陈忠国
600708,沈宏泽
600710,杨永清
600711,陈东
600712,黎军
600713,周建军
600714,任小坤
600715,周茂非
600716,汪维宏
600717,梁永岑
600718,刘积仁
600719,邵阳
600720,脱利成
600721,郑彩红
600722,何长海
600723,李源光
600724,王兵团
600725,罗永隆
600726,董凤亮
600727,陈树常
600728,刘伟
600729,何谦
600730,齐子鑫
600731,刘卫东
600732,李勇军
600733,徐和谊
600734,景百孚
600735,张航
600736,王星
600737,由伟
600738,洪一丹
600739,尚书志
600740,李峰
600741,陈虹
600742,张丕杰
600743,杜凤超
600744,任维
600745,张学政
600746,胡宗贵
600747,窦圣军(代)
600748,曾明
600749,赵金峰
600750,卢小青
600751,李维艰
600753,梁衍锋
600754,俞敏亮
600755,许晓曦
600756,陈东风
600757,陈义国
600758,赵光
600759,王文韬
600760,钱雪松
600761,张德进
600763,吕建明
600764,范国平
600765,姬苏春
600766,徐成义
600767,海乐
600768,陈炜
600769,董耀军
600770,昝圣达
600771,张斌
600773,朱贤麟
600774,阎志
600775,周贵祥
600776,周忠国
600777,刘珂
600778,聂如旋
600779,范祥福
600780,李国彪
600781,朱文臣
600782,夏文勇
600783,王飚
600784,刘卫国
600785,曲奎
600787,韩铁林
600789,彭欣
600790,葛梅荣
600791,周建裕
600792,彭伟
600793,易从
600794,唐勇
600795,乔保平
600796,高云跃
600797,史烈
600798,胡敏
600800,郭锴
600801,徐永模
600802,王金星
600803,王玉锁
600804,杨学平
600805,王连春
600807,刘金辉
600808,丁毅
600809,谭忠豹
600810,乔思怀
600811,孙明涛
600812,杨国占
600814,童民强
600815,张振斌
600816,邵明安
600817,曹中彦
600818,陈闪
600819,赵健
600820,张焰
600821,杨川
600822,秦青林
600823,许荣茂
600824,杨传华
600825,陈启伟
600826,曹炜
600827,叶永明
600828,高宏彪
600829,刘波
600830,邵松长
600831,王立强
600833,徐子瑛
600834,俞光耀
600835,陈嘉明
600836,沈伟荣
600837,周杰
600838,许骍
600839,赵勇
600841,蓝青松
600843,张敏
600844,王斌
600845,夏雪松
600846,王明忠
600847,莫天全
600848,袁国华
600850,--
600851,皮展
600853,田玉龙
600854,沈华平
600855,史燕中
600856,施清荣
600857,应飞军
600858,侯功海
600859,杜宝祥(代)
600860,王军
600861,王禄征
600862,李志强
600863,彭勇
600864,赵洪波
600865,陈夏鑫
600866,陈武
600867,冷春生
600868,张能勇
600869,蒋承志
600870,施亮
600871,刘中云
600872,陈琳
600873,王爱军
600874,刘玉军
600875,邹磊
600876,张冲
600877,周春林
600879,任德民
600880,母涛
600881,宋尚龙
600882,柴琇
600883,刘志波
600884,庄巍
600885,郭满金
600886,朱基伟
600887,潘刚
600888,孙健
600889,丁明国
600890,朱雷
600891,李亚
600892,周镇科
600893,陈少洋
600894,蔡瑞雄
600895,刘樱
600896,密春雷
600897,汪晓林
600898,宋林林
600900,雷鸣山
600901,熊先根
600903,洪鸣
600908,邵辉
600909,章宏韬
600917,王颂秋
600919,夏平
600926,陈震山
600928,郭军
600929,冯传良
600933,张建成
600936,谢向阳
600939,魏福生
600958,潘鑫军
600959,王国中
600960,陈宝
600961,黄忠民
600962,李俊喜
600963,黄欣
600965,李高生
600966,李刚
600967,李全文
600968,霍健
600969,范培顺
600970,宋寿顺
600971,袁兆杰
600973,杨泽元
600975,邱卫
600976,汪思洋
600977,焦宏奋
600978,刘壮超
600979,张久龙
600980,夏晓鸥
600981,张剑
600982,顾剑波
600983,吴胜波
600984,杨宏军
600985,孙方
600986,刘锋杰
600987,朱重庆
600988,吕晓兆
600989,党彦宝
600990,陈信平
600992,王小刚
600993,陈平
600995,黄兴仓
600996,李巍
600997,苏科舜
600998,刘宝林
600999,霍达
601000,宣国宝
601001,武望国
601002,蔡永龙
601003,陈有升
601005,周竹平
601006,程先东
601007,李茜
601008,李春宏
601009,胡昇荣
601010,陈松林
601011,焦云
601012,钟宝申
601015,李保平
601016,刘斌
601018,毛剑宏
601019,张志华
601020,刘建军
601021,王煜
601028,赖郁尘
601038,黎晓煜
601058,袁仲雪
601066,王常青
601068,武建强
601069,张国华
601077,刘建忠
601086,张国芳
601088,王祥喜
601098,龚曙光
601099,郑亚南
601100,汪立平
601101,关志生
601106,--
601107,周黎明
601108,陆建强
601111,蔡剑江
601113,丁尔民
601116,陈念慈
601117,戴和根
601118,王任飞
601126,高秀环
601127,张兴海
601128,宋建明
601137,谢识才
601138,李军旗
601139,李真
601155,王晓松
601158,王世安
601162,余磊
601163,丁木
601166,陶以平(代)
601168,张永利
601169,张东宁
601177,夏柏林
601179,白忠泉
601186,陈奋健
601188,孙熠嵩
601198,魏庆华
601199,华锋
601200,颜晓斐
601208,唐安斌(代)
601211,贺青
601212,张锦林
601216,黄辉
601218,包士金
601222,陆永华
601225,闵龙
601226,文端超
601228,李益波
601229,金煜
601231,陈昌益
601233,陈士良
601236,李剑波
601238,曾庆洪
601258,MAXIANG(马骧)
601288,周慕冰
601298,李奉利
601311,刘长来
601318,马明哲
601319,缪建民
601326,曹子玉
601328,任德奇(代)
601330,直军
601333,武勇
601336,刘浩凌
601339,杨卫新
601360,周鸿祎
601366,徐恭藻
601368,黄东海
601369,李宏安
601375,菅明军
601377,杨华辉
601388,林胜枝
601390,张宗言
601398,陈四清
601500,顾萃
601515,黄晓佳
601518,郝晶祥
601519,张志宏
601555,范力
601558,马忠
601566,林聪颖
601567,郑坚江
601577,朱玉国
601579,虞伟强
601588,贺江川
601595,任仲伦
601598,李关鹏
601599,钱文龙
601600,卢东亮
601601,孔庆伟
601606,王本河
601607,周军
601608,俞章法
601611,李晓明
601615,张传卫
601616,赵淑文
601618,国文清
601619,陈波
601628,王滨
601633,魏建军
601636,姚培武
601666,潘树启
601668,周乃翔
601669,晏志勇
601677,马廷义
601678,张忠正
601688,周易
601689,邬建树
601698,李忠宝
601699,游浩
601700,范建刚
601717,焦承尧
601718,李义岭
601727,郑建华
601766,刘化龙
601777,牟刚
601788,闫峻
601789,周杰
601798,段玉林
601799,周晓萍
601800,刘起涛
601801,吴文胜
601808,齐美胜
601811,何志勇
601818,李晓鹏
601828,车建兴
601838,王晖
601857,王宜林
601858,林鹏
601860,张小军
601865,阮洪良
601866,王大雄
601869,马杰
601872,谢春林
601877,南存辉
601878,吴承根
601880,徐颂
601881,陈共炎
601882,张静章
601886,刘载望
601888,彭辉
601890,陶安祥
601898,李延江
601899,陈景河
601900,谭君铁
601901,施华
601908,冯焕培
601918,陈培
601919,许立荣
601928,梁勇
601929,王胜杰
601933,班哲明·凯瑟克
601939,田国立
601949,谭跃
601952,胡兆辉
601958,程方方
601965,李开国
601966,王锋
601968,曹清
601969,刘明东
601975,张保良
601985,陈桦
601988,刘连舸
601989,姜仁锋
601990,步国旬
601991,陈飞虎
601992,姜德义
601996,刘一川
601997,张正海
601998,李庆萍
601999,杨建军
603000,叶蓁蓁
603001,王振滔
603002,林瑞荣
603003,徐增增
603005,王蔚
603006,徐涛明
603007,肖姣君
603008,陈阿裕
603009,靳坤
603010,高献国
603011,严建文
603012,石华辉
603013,郝建
603015,熊钰麟
603016,赵敏海
603017,冯正功
603018,杨卫东
603019,李国杰
603020,魏中浩
603021,张德华
603022,曹文洁
603023,陈振华
603025,郑建军
603026,郭天明
603027,伍超群
603028,崔子锋
603029,王新亭
603030,朱斌
603031,陈学高
603032,王仲鸣
603033,叶继跃
603035,罗小春
603036,曹彩红
603037,杨建刚
603038,谭洪汝
603039,韦利东
603040,徐纳
603041,孙宇
603042,胥爱民
603043,徐伟兵
603045,王达武
603050,张成锁
603055,施清岛
603056,崔维星
603058,邓代兴
603059,张文生
603060,姚燕
603063,韩玉
603066,金跃跃
603067,蔡再华
603068,Pengfei Zhang
603069,姜宏涛
603076,赖云来
603077,曾小平
603078,殷福华
603079,洪爱
603080,赵安林
603081,丰华
603083,Gerald G Wong
603085,陈邦锐
603086,王现全
603088,郑良才
603089,郑念辉
603090,钮法清
603093,罗旭峰
603096,陈明俊
603098,刘爱森
603099,王昆
603100,吴朋
603101,潘锦海
603103,徐天福
603105,张利忠
603106,江浩然
603108,刘辉
603110,樊家驹
603111,陈颖奇
603113,秦庆平
603115,陈健
603116,钱金波
603117,黄保忠
603118,汪大维
603121,吴怀磊
603123,匡振兴
603126,张奇
603127,冯宇霞
603128,朱碧新
603129,赖国贵
603131,舒宏瑞
603133,徐世中
603136,孟广才
603138,闫忠文
603139,王延岭
603156,姚奎章
603157,邢加兴
603158,蒋学真
603159,谢亚明
603160,张帆
603161,陈洪民
603165,冯荣华
603166,黎福超
603167,孙厚昌
603168,陈德康
603169,张璞临
603177,金猛
603178,罗玉龙
603179,唐志华
603180,温建怀
603181,王伟松
603183,吴小翔
603185,杨建良
603186,刘涛
603187,邵伟
603188,许芸霞
603189,冯达
603192,钱建中
603196,王卫东
603197,陈洪凌
603198,倪永培
603199,舒畅
603200,王炜
603203,金春
603208,吴水根
603214,施琼
603217,刘修华
603218,傅明康
603220,李六兵
603222,李丽莎
603223,刘振东
603225,庄奎龙
603226,Jürgen Vohringer
603227,康健
603228,刘绍柏
603229,郑志国
603232,孔令钢
603233,柯云峰
603236,钱鹏鹤
603238,任建华
603239,李起富
603256,毛嘉明
603258,胡建平
603259,李革
603260,罗立国
603266,胡建立
603267,郑红
603268,徐鸣镝
603269,金敖大
603277,周俊杰
603278,窦勇
603279,姜桂廷
603283,孙丰
603286,是蓉珠
603288,庞康
603289,郑建国
603297,曹其东
603298,赵礼敏
603299,吴旭峰
603300,胡丹锋
603301,鲁建国
603303,倪强
603305,徐旭东
603306,张初全
603308,杜应流
603309,向彬
603311,丁宏广
603313,倪张根
603315,穆建华
603316,方利强
603317,邓文
603318,尚智勇
603319,许仲秋
603320,吴建荣
603321,钱雪林
603322,梁建华
603323,魏礼亚
603326,NINA YANTI MIAO(缪妍缇)
603327,张景忠
603328,李永强
603329,孙望平
603330,李哲龙
603331,施小友
603332,席文杰
603333,李广胜
603335,赵瑞贞
603336,黄俊辉
603337,赵新庆
603338,许树根
603339,黄杰
603345,刘鸣鸣
603348,唐杰雄
603351,吴仁荣
603355,倪祖根
603356,黄业华
603357,王吉双
603358,陈竞宏
603359,席惠明
603360,刘宪武
603363,吴有林
603365,李裕陆
603366,徐新建
603367,杜振新
603368,朱朝阳
603369,周素明
603377,徐雄
603378,李金钟
603379,胡淇翔
603380,钱新栋
603383,严孟宇
603385,王惠文
603386,叶晓彬
603387,苏恩本
603388,祝昌人
603389,高伟
603393,明再远
603396,李义升
603398,吴锭辉
603399,沈杰
603416,李新
603421,王建华
603429,徐善水
603444,卢竑岩
603456,花莉蓉
603458,张林
603466,辛浩鹰(代)
603477,贺正刚
603486,钱东奇
603488,金培荣
603489,王清华
603496,沈振宇
603499,董建军
603500,汤友钱
603501,虞仁荣
603505,王锦华
603506,韩芳
603507,胡震
603508,李欣
603515,王耀海
603516,何仕达
603517,戴文军
603518,王致勤
603519,卢凤仙
603520,胡锦生
603527,封全虎
603528,章安强
603530,马斌
603533,成湘均
603535,段容文
603536,惠增玉
603538,姚成志
603555,林天福
603556,周良璋
603557,章利民
603558,张茂义
603559,王世超
603566,张许科
603567,方同华
603568,项光明
603569,薄世久
603577,刘凯
603578,杨敏
603579,林光荣
603580,涂木林
603583,胡仁昌
603585,缪金凤
603586,孙忠义
603587,马瑞敏
603588,李卫国
603589,徐进
603590,王锡娟
603595,沈新芳
603596,袁永彬
603598,罗衍记
603599,黄金祥
603600,张加勇
603601,郭茂
603602,苏维锋
603603,赵笠钧
603605,侯军呈
603606,夏崇耀
603607,孙建成
603608,李林
603609,金卫东
603610,唐国海
603611,丁毅
603612,郎光辉
603613,刘泉
603615,陈葵生
603616,田玉波
603617,张阿华
603618,华建飞
603619,李春第
603626,徐金根
603628,Hong Daniel
603629,邵树伟
603630,吴桂谦
603633,朱新爱
603636,吴志雄
603637,赵立渭
603638,宋飞
603639,葛尧伦
603648,尹强
603650,Zhang Ning
603655,戚建国
603656,许大红
603657,陈正明
603658,苗拥军
603659,梁丰
603660,陈冬根
603661,王江林
603662,柯建东
603663,夏鹏
603665,张间芳
603666,朱付云
603667,张峰
603668,陈庆堂
603669,陶灵萍
603676,张勇
603677,汪伟东
603678,蔡明通
603679,梁熹
603680,俞金坤
603681,吕新民
603683,周晓南
603685,何文健
603686,张桂丰
603687,方能斌
603688,陈士斌
603689,贾化斌
603690,蒋渊
603693,徐国群
603696,林肖芳
603697,鹿有忠
603698,唐国宏
603699,王保庆
603700,张琳
603701,张宁
603703,叶利明
603706,李明
603707,唐咏群
603708,王培桓
603709,曹勇
603711,蒋建琪
603712,王宝
603713,陈银河
603716,温伟
603717,罗卫国
603718,张海明
603721,曾雄
603722,朱学军
603725,吴启超
603726,高炎康
603727,彭文成
603728,常建鸣
603729,余亦坤
603730,姜银台
603733,王敏良
603737,洪杰
603738,喻信东
603739,黄炳亮
603755,张华君
603757,韩元富
603758,YUANMING TANG
603766,高勇
603767,吴江
603768,吴应宏
603773,易伟华
603776,孙继胜
603777,施永雷
603778,回全福
603779,王珍海
603786,柯桂华
603787,张崇舜
603788,钱高法
603789,章沈强
603790,谢兵
603797,黄建勲
603798,朱振华
603799,陈雪华
603800,舒志高
603801,孙志勇
603803,高磊
603806,林建华
603808,夏国新
603809,向朝东
603810,殷凤山
603811,颜贻意
603813,余军
603815,胡先宽
603816,顾江生
603817,陈宏景
603818,赵瑞海
603819,陈忠渭
603822,沈健
603823,陈立荣
603825,苏同
603826,谢秉昆
603828,顾益明
603829,谈行
603833,姚良松
603838,蔡镇城
603839,郑安政
603843,金生光
603848,沈汉标
603855,胡志荣
603856,倪立营
603858,赵涛
603859,祖军
603860,潘玉利
603861,胡德兆
603863,王壮鹏
603866,吴学亮
603867,胡健
603868,李丐腾
603869,王子峥
603871,韩景华
603876,周贤海
603877,张江平
603878,朱国良
603879,傅文昌
603880,李平
603881,罗岚
603882,梁耀铭
603883,谢子龙
603885,王均金
603886,张秀琬
603887,谢晓东
603888,田舒斌
603889,沈建华
603890,薛革文
603895,荣俊林
603896,李明焱
603897,顾林祥
603898,沈汉标
603899,陈湖文
603900,沈东军
603901,罗邦毅
603903,许国栋
603906,石俊峰
603908,陆暾华
603909,黄和宾
603912,何根林
603915,徐国忠
603916,缪昌文
603917,施良才
603918,金史平
603919,周志刚
603920,佘英杰
603922,洪建沧
603926,国宁
603927,左春
603928,王进兴
603929,姚祖骧
603933,杨维坚
603936,徐缓
603937,蔡征国
603938,孙任靖
603939,高毅
603955,栾剑洪
603956,李纪玺
603958,陈玉珍
603959,王海荣
603960,谈士力
603963,杨君祥
603966,金红萍
603967,李松青
603968,庆九
603969,谢铁桥
603970,苏毅
603976,邓勇
603977,熊旭晴
603978,陈学敏
603979,王先成
603980,邵伯金
603982,潘龙泉
603983,孙怀庆
603985,承立新
603986,朱一明
603987,张宪淼
603988,熊小兵
603989,艾立华
603990,翁康
603991,侯海良
603992,周华松
603993,李朝春
603996,陈德松
603997,王义平
603998,张庆华
603999,刘永升
000001,谢永林
000002,郁亮
000004,黄翔
000005,丁芃
000006,赵宏伟
000007,黄立海
000008,王志全
000009,陈政立
000010,陈飞霖
000011,刘声向
000012,陈琳
000014,陈勇
000016,刘凤喜
000017,李海
000018,陈略
000019,祝俊明
000020,李中秋
000021,谭文鋕
000023,林宏润
000025,富春龙
000026,黄勇峰
000027,熊佩锦
000028,刘勇
000029,周建国
000030,张丕杰
000031,周政
000032,宋健
000034,郭为
000035,严圣军
000036,丁跃
000037,李新威
000038,史利军
000039,王宏
000040,卢召义
000042,姚日波
000043,石正林
000045,朱军
000046,卢志强
000048,熊伟
000049,刘其
000050,陈宏良
000055,熊建明
000056,郑康豪
000058,张良
000059,李春建
000060,余刚
000061,何建锋
000062,胡新安
000063,李自学
000065,王一彤
000066,宋黎定
000068,黄俞
000069,段先念
000070,蒋勤俭
000078,张思民
000088,乔宏伟
000089,陈敏生
000090,韩德宏
000096,张桂泉
000099,杨威
000100,李东生
000150,陈奕民
000151,刘艳
000153,何宏满
000155,吕必会
000156,陆政品
000157,詹纯新
000158,肖荣智
000159,丁治平
000166,储晓明
000301,缪汉根
000333,方洪波
000338,谭旭光
000400,张旭升
000401,姜长禄
000402,高靓
000403,黄灵谋
000404,杨秀彪
000407,王鹏
000408,曹邦俊
000409,张宝才
000410,赵彪
000411,姜巨舫
000413,王立鹏
000415,卓逸群
000416,余政
000417,刘浩
000419,周兆达
000420,宋德武
000421,李祥
000422,卞平官
000423,吴峻(代)
000425,王民
000426,吉兴业
000428,蒋利亚
000429,郑任发
000430,戴名清
000488,陈洪国
000498,周新波
000501,陈军
000502,金志峰
000503,贾岩燕
000504,金文泉
000505,李少陵
000506,卢涛
000507,欧辉生
000509,李雪峰
000510,刘江东
000513,朱保国
000514,徐平
000516,史今
000517,王久芳
000518,孙国建
000519,陈建华
000520,肖湘
000521,吴定刚
000523,赵璧秋
000524,陈白羽(代)
000525,杨寿海
000526,吴胜武
000528,曾光安
000529,蔡飚
000530,纪志坚
000531,钟英华
000532,李光宁
000533,黄志雄
000534,黄振光
000536,林俊
000537,周悦刚
000538,王明辉
000539,王进
000540,罗玉平
000541,何勇
000543,朱宜存
000544,李建平
000545,郭金东
000546,赵辉
000547,崔玉平
000548,刘林平
000550,邱天高
000551,刘春奇
000552,杨先春
000553,杨兴强
000554,岳祥训
000555,郭为
000557,李广林
000558,蒋蔚炜
000559,管大源
000560,谢勇
000561,唐大楷
000563,薛季民
000564,杜小平
000565,张伟林
000566,刘悉承
000567,王广西
000568,刘淼
000570,史新昆
000571,王磊
000572,景柱
000573,周明轩
000576,黄克
000581,陈学军
000582,周小溪
000584,艾迪
000585,祝捷
000586,何波
000587,朱要文
000589,黄舸舸
000590,王书贵
000591,曹华斌
000592,刘平山
000593,丁立国
000595,王静波
000596,梁金辉
000597,魏海军
000598,李本文
000599,柴永森
000600,米大斌
000601,陈来泉
000603,朱胜利
000605,江波
000606,彭聪
000607,董悦
000608,唐军
000609,李勤
000610,谢平伟
000611,邱士杰
000612,霍斌
000613,袁小平
000615,田汉
000616,朱卫军
000617,刘跃珍
000619,万涌
000620,苏波
000622,马伟进
000623,李秀林
000625,张宝林
000626,金波
000627,刘益谦
000628,任正
000629,段向东
000630,杨军
000631,管大源
000632,卢少辉
000633,康莹
000635,张华
000636,王广军
000637,范洪岩
000638,张晖
000639,王辉
000650,梅强
000651,董明珠
000652,胡军
000655,刘远清
000656,蒋思海
000657,李仲泽
000659,刘锦钟
000661,马骥
000662,迟晨
000663,吴景贤
000665,王彬
000666,叶茂新
000667,刘道明
000668,王征
000669,王议农
000670,方旭升(代)
000671,林腾蛟
000672,俞锋
000673,施亮
000676,赵立仁
000677,季长彬
000678,高少兵
000679,熊强
000680,刘会胜
000681,廖杰
000682,丁振华
000683,宋为兔
000685,魏军锋(代)
000686,李福春
000687,吴光胜
000688,吴城
000690,宁远喜
000691,马兵
000692,李久旭
000695,张云峰
000697,张政
000698,孙泽胜
000700,曹克波
000701,曾挺毅
000702,刘献文
000703,方贤水
000705,吕军
000707,汪万新
000708,俞亚鹏
000709,于勇
000710,高扬
000711,杨仁贵
000712,朱凤廉
000713,杨林
000715,魏海军
000716,韦清文
000717,李世平
000718,张桂平
000719,郭元军
000720,吴永钢
000721,胡昌民
000722,谭建华
000723,姚锦龙
000725,陈炎顺
000726,刘子斌
000727,周贵祥
000728,蔡咏
000729,赵晓东
000731,陈红浪
000732,黄其森
000733,杨林
000735,徐自力
000736,赵晖
000737,黄振山
000738,张姿
000739,祝方猛
000750,何春梅
000751,于恩沅
000752,殷占武
000753,黄键鹏
000755,杨志贵
000756,张代铭
000757,颜广彤
000758,秦军满
000759,张锦松
000760,郝鹏
000761,高烈
000762,曾泰
000766,张玉富
000767,刘文彦
000768,何胜强
000776,孙树明
000777,彭新英
000778,李成章
000779,宋忠庆
000780,徐晓惠
000782,李坚之
000783,李新华
000785,郝健
000786,王兵
000788,宋金松
000789,江尚文
000790,李小平(代)
000791,刘万祥
000792,王兴富
000793,汪方怀
000795,许晓华
000796,陈小兵
000797,林增忠
000798,宗文峰
000799,王浩
000800,奚国华
000801,霞晖
000802,宋歌
000803,匡志伟
000806,徐宏军
000807,张正基
000809,隋景宝
000810,赖伟德
000811,李增群
000812,袁汉源
000813,张湧
000815,刘雨露
000816,向志鹏
000818,蔡卫东
000819,王妙云
000820,吴浪
000821,李健
000822,方勇
000823,许统广
000825,高建兵
000826,文辉
000828,张庆文
000829,黄绍文
000830,张金成
000831,黄国平
000833,黄祥清
000835,赵锐勇
000836,徐东
000837,严鉴铂
000838,鲜先念
000839,罗宁
000848,梁启朝
000850,倪俊龙
000851,付景林
000852,杜广义
000856,于宝池
000858,曾从钦
000859,黄琼宜
000860,李颖林
000861,邵建明
000862,高原
000863,许文智
000868,戴茂方
000869,周洪江
000875,刘毅勇
000876,刘畅
000877,赵新军
000878,田永忠
000880,徐宏
000881,林坚
000882,李翠芳
000883,田泽新
000885,朱红兵
000886,曾国华
000887,夏鼎湖
000888,王东
000889,吴鹰
000890,陈明军
000892,钟君艳
000893,赖宁昌
000895,万隆
000897,华志忠
000898,王义栋
000899,陈万波
000900,周志中
000901,徐涛
000902,杨才学
000903,杨波
000905,陈朝辉
000906,袁仁军
000908,叶湘武
000909,章国经
000910,陈晓龙
000911,莫菲城
000912,廖廷君
000913,余瑾
000915,任年峰
000917,陈刚
000918,钱永华
000919,梁玉堂
000920,刘溥
000921,汤业国
000922,刘清勇
000923,刘键
000925,潘丽春
000926,谭少群
000927,雷平
000928,陆鹏程
000929,杨世江
000930,佟毅
000931,许钟民
000932,曹志强
000933,崔建友
000935,谢建平
000936,汤维清
000937,杨印朝
000938,于英涛
000939,孙守恩
000948,徐宏灿
000949,邵长金
000950,刘绍云
000951,于瑞群
000952,安靖
000953,施伟光
000955,郭开铸
000957,孙庆民
000958,李固旺
000959,赵民革
000960,汤发
000961,陈锦石
000962,赵文通
000963,吕梁
000965,夏仲昊
000966,杨勤
000967,马刚
000968,王保玉
000969,李军风
000970,王震西
000971,李耀
000972,李豫
000973,黄丙娣
000975,杨海飞
000976,石松山
000977,张磊
000978,李飞影
000980,金浙勇
000981,熊续强
000982,申晨
000983,樊大宏
000985,徐永宁
000987,王恕慧
000988,马新强
000989,李振国
000990,龙大伟
000993,郭嘉祥
000995,赵海峰
000996,姜新
000997,王晶
000998,毛长青
000999,王春城
001696,左宗申
001872,付刚峰
001896,赵书盈
001965,王秀峰
001979,许永军
002001,胡柏藩
002002,周奕丰
002003,章卡鹏
002004,张松山
002005,--
002006,金越顺
002007,安康
002008,高云峰
002009,黄斌
002010,徐冠巨
002011,姚新义
002012,刘溪
002013,张昆辉
002014,孙毅
002015,朱钰峰
002016,梁家荣
002017,周忠国
002019,程先锋
002020,吕钢
002021,张炫尧
002022,胡勇敏
002023,李飚
002024,张近东
002025,陈振宇
002026,杨明燕
002027,江南春
002028,董增平
002029,周少雄
002030,何蕴韶
002031,吴潮忠
002032,Thierry de La Tour d’Artaise
002033,和献中
002034,芮勇
002035,潘叶江
002036,韩盛龙
002037,安胜杰
002038,徐明波
002039,陶云鹏
002040,熊俊
002041,王龙祥
002042,孙伟挺
002043,丁鸿敏
002044,俞熔
002045,陆宏达
002046,朱峰
002047,古少波
002048,周晓峰
002049,刁石京
002050,张亚波
002051,罗艳
002052,刘灿
002053,谢一华
002054,黄冠雄
002055,邱建民
002056,何时金
002057,王文军
002058,李彧
002059,张睿
002060,谢彦辉
002061,邵文年
002062,郑宏舫
002063,陈利浩
002064,杨从登
002065,薛向东
002066,曾大凡
002067,朱在龙
002068,王耀
002069,吴厚刚
002071,赵锐均
002072,纪晓文
002073,何宁
002074,李缜
002075,何春生
002076,柴国生
002077,王茂和
002078,李洪信
002079,吴念博
002080,薛忠民
002081,王汉林
002082,赵守明
002083,孙日贵
002084,唐台英
002085,陈滨
002086,车轼
002087,魏学柱
002088,鹿成滨
002089,张亦斌
002090,贺安鹰
002091,张子燕
002092,王洪欣
002093,陈维
002094,陈索斌
002095,孙德良
002096,陈纪明
002097,何清华
002098,张国根
002099,孙杨
002100,杨焰
002101,黎柏其
002102,陈烈权
002103,王利平
002104,钱京
002105,廖学金
002106,臧卫东
002107,赵丙贤
002108,陈宏伟
002109,樊洺僖
002110,黎立璋
002111,李光太
002112,谢伟世
002113,麦少军
002114,李尤立
002115,李越伦
002116,徐大同
002117,王爱先
002118,郭春林
002119,郑康定
002120,聂腾云
002121,饶陆华
002122,武剑飞
002123,余文胜
002124,张邦辉
002125,谭新乔
002126,徐小敏
002127,张玉祥
002128,刘明胜
002129,沈浩平
002130,周文河
002131,王相荣
002132,谢晓博
002133,王轶磊
002134,张太金
002135,郭明明
002136,陈书勤
002137,陈亚妹
002138,袁金钰
002139,武永强
002140,吴光美
002141,韩桃子
002142,陆华裕
002143,吴冰
002144,沈国甫
002145,黄勉
002146,耿建明
002147,周晓光
002148,傅乐民
002149,巨建辉
002150,柳振江
002151,周儒欣
002152,黄跃珍
002153,李仲初
002154,吴志泽
002155,黄启富
002156,石明达
002157,程凡贵
002158,余昱暄
002159,卢胜
002160,张平
002161,陈光珠
002162,李慈雄
002163,朱强华
002164,宋济隆
002165,芮敬功
002166,秦本军
002167,吴锦鹏
002168,徐海啸
002169,芮冬阳(代)
002170,黄培钊
002171,姜纯
002172,沈学如
002173,--
002174,林奇
002175,张群
002176,朱军
002177,谭骅
002178,潘晖
002179,郭泽义
002180,汪东颖
002181,张强
002182,梅小明
002183,周国辉
002184,许泓
002185,肖胜利
002186,鲍民
002187,王华俊
002188,周鑫
002189,王志亮
002190,石晓卿
002191,乔鲁予
002192,吕向阳
002193,邱亚夫
002194,孟凡博
002195,陈于冰
002196,顾一峰
002197,曾胜强
002198,陈建宁
002199,王皓
002200,张清
002201,王文银
002202,武钢
002203,朱张泉
002204,丛红
002205,李鸿杰
002206,高利民
002207,李岩(代)
002208,王晓毅
002209,张颂明
002210,费益昭
002211,杨鑫
002212,郑汉武
002213,连松育
002214,庞惠民
002215,卢柏强
002216,陈南
002217,文开福
002218,陈五奎
002219,王伟
002220,黄作庆
002221,周一峰
002222,陈辉
002223,吴光明
002224,吴琼瑛
002225,刘百宽
002226,郭曙光
002227,廖晓霞
002228,许晓光
002229,毛伟
002230,刘庆峰
002231,吕琦
002232,吴建会
002233,钟朝晖
002234,孙希民
002235,张杰
002236,傅利泉
002237,黄小平
002238,郑鼎文
002239,张永明
002240,王天广
002241,姜滨
002242,王旭宁
002243,陈寿
002244,戚金兴
002245,陈锴
002246,程向前
002247,余海峰
002248,连小明
002249,鲁楚平
002250,王萍
002251,王填
002252,陈杰
002253,游志胜
002254,宋西全
002255,徐元生
002256,张文
002258,尹英遂
002259,单洋
002260,戚勇
002261,李新宇
002262,孙彭生
002263,骆平
002264,金志国
002265,谢力
002266,孙毅
002267,李谦益
002268,卿昱
002269,胡佳佳
002270,肖毅
002271,李卫国
002272,罗永忠
002273,林敏
002274,朱郁健
002275,邹节明
002276,张珊珊
002277,胡子敬
002278,李芳英
002279,赵福君
002280,何志涛
002281,余少华
002282,陈怀荣
002283,邢运波
002284,黄伟中
002285,陈劲松
002286,邓淑芬
002287,雷菊芳
002288,梁宏
002289,周璐
002290,梁旭
002291,于洪涛
002292,蔡东青
002293,薛伟成
002294,叶澄海
002295,黄裕辉
002296,李海鹰
002297,李勇
002298,瞿洪桂
002299,傅光明
002300,李云孝
002301,陈钦鹏
002302,吴文贵
002303,张珍义
002304,王耀
002305,秦普高
002306,陈继
002307,汪伟
002308,何正宇
002309,王柏兴
002310,慕英杰
002311,薛华
002312,朱江
002313,刘平
002314,田俊彦
002315,沈锦华
002316,王永彬
002317,陈永红
002318,李郑周
002319,周宇斌
002320,林健
002321,曹家富
002322,周方洁
002323,唐继勇
002324,周文
002325,刘年新
002326,王莺妹
002327,林国芳
002328,宋琳
002329,黄嘉棣
002330,郑思敏
002331,周发展
002332,张宇松
002333,吴明福
002334,黄申力
002335,陈成辉
002336,何金明
002337,张晓辰
002338,贾平
002339,王良
002340,许开华
002341,侯毅
002342,杨建忠
002343,吴卫东
002344,张月明
002345,廖木枝
002346,陆仁军
002347,邰正彪
002348,杨旭恩
002349,尹红宇
002350,张新育
002351,张文东
002352,王卫
002353,孙伟杰
002354,沈中华
002355,高赫男
002356,王磊
002357,董和玉
002358,杨合岭
002359,孙明健
002360,张云升
002361,刘志坚
002362,刘迎建
002363,张海燕
002364,朱国锭
002365,陈勇
002366,王雪欣
002367,王友林
002368,刘学林
002369,昌智
002370,陈尧根
002371,张劲松
002372,金红阳
002373,夏曙东
002374,钱建蓉
002375,丁泽成
002376,丛强滋
002377,王昕
002378,黄泽兰
002379,赵前方
002380,刘国耀
002381,沈耿亮
002382,刘文静
002383,郭信平
002384,袁永刚
002385,邵根伙
002386,罗云
002387,程涛
002388,许雷宇
002389,胡梅晓
002390,安怀略
002391,于国权
002392,赵继增
002393,齐铁栓
002394,薛庆龙
002395,唐炳泉
002396,黄奕豪
002397,姜天武
002398,蔡永太
002399,李锂
002400,陈钿隆
002401,蔡惠星
002402,刘建伟
002403,陈合林
002404,周国建
002405,吴劲风
002406,刘延生
002407,李世江
002408,车成聚
002409,沈琦
002410,刁志中
002411,谷晓嘉
002412,刘令安
002413,戴斌
002414,黄立
002415,陈宗年
002416,黄文辉
002417,周世平
002418,王亚骏
002419,高书林
002420,熊海涛
002421,刘磅
002422,刘革新
002423,孙彦敏
002424,姜伟
002425,郑合明
002426,高玉根
002427,邵瑞泽
002428,包文东
002429,顾伟
002430,蒋明
002431,潘晓林
002432,刘毅
002433,柯少彬
002434,黄河清
002435,郁霞秋
002436,邱醒亚
002437,朱吉满
002438,韩力
002439,王佳
002440,阮静波
002441,吴开贤
002442,魏亮
002443,孙进峰
002444,仇建平
002445,向祖荣
002446,杨华
002447,冯文杰
002448,薛德龙
002449,何勇
002450,邬兴均
002451,朱志兰
002452,马孝武
002453,沈明宏
002454,陈焕雄
002455,郑铁江
002456,蔡荣军
002457,马跃
002458,曹积生
002459,王巍
002460,李良彬
002461,王志斌
002462,续文利
002463,吴礼淦
002464,李化亮
002465,杨海洲
002466,蒋卫平
002467,李小龙
002468,陈德军
002469,曲思秋
002470,万连步
002471,俞雷
002472,吴长鸿
002473,张海洋
002474,鲁峰
002475,王来春
002476,吴锋
002478,曹坚
002479,张杰
002480,肖光辉
002481,杨君敏
002482,范志全
002483,吴建
002484,陈卫东
002485,段冬东
002486,王忠辉
002487,金鑫
002488,孙锋峰
002489,谢建勇
002490,刘云龙
002491,颜永庆
002492,王青运
002493,李水荣
002494,贺国英
002495,林平涛
002496,仲汉根
002497,郑戎
002498,陈沛云
002499,黎东
002500,侯巍
002501,王建新
002502,龙学勤
002503,马鸿
002504,何宁
002505,葛俊杰
002506,罗鑫
002507,周斌全
002508,任建华
002509,余厚蜀
002510,常世平
002511,邓颖忠
002512,陈融圣
002513,杨振华
002514,陈东
002515,吴月肖(代)
002516,沈介良
002517,金锋
002518,刘程宇
002519,张红
002520,吴捷
002521,李学峰
002522,陈健
002523,肖建平
002524,周永麟
002526,赵华涛
002527,纪翌
002528,刘肇怀
002529,李良光
002530,朱文明
002531,严俊旭
002532,许敏田
002533,吴学愚
002534,王水福
002535,郭现生
002536,孙耀志
002537,刘国平
002538,金国清
002539,牟嘉云
002540,周福海
002541,商晓波
002542,吴延炜
002543,叶远璋
002544,原普
002545,韩方如
002546,胡敏
002547,袁静
002548,陈俊海
002549,祝恩福
002550,王耀方
002551,梁桂秋
002552,朱宝松
002553,史建伟
002554,谢文辉
002555,李卫伟
002556,刘贵华
002557,陈先保
002558,史玉柱
002559,冷志斌
002560,马红菊
002561,黄立波
002562,钱志达
002563,邱光和
002564,司文培
002565,王钲霖
002566,张益胜
002567,陶一山
002568,刘晓东
002569,王春江
002570,谢宏
002571,施卫东
002572,江淦钧
002573,邹艾艾
002574,虞阿五
002575,范晓东
002576,魏少军
002577,曾浩
002578,黄天火
002579,杨林
002580,宋斌
002581,潘爱华
002582,石聚彬
002583,陈清州
002584,黄伟鹏
002585,吴培服
002586,仲成荣
002587,吴涵渠
002588,高文班
002589,韩旭
002590,陈锋
002591,朱星河
002592,顾瑜
002593,吴子文
002594,王传福
002595,张恭运
002596,张海林
002597,杨乐
002598,方润刚
002599,贾春琳
002600,曾芳勤
002601,许刚
002602,王苗通
002603,吴以岭
002604,程少博
002605,姚朔斌
002606,应坚
002607,李永新
002608,浦宝英
002609,唐健
002610,邹承慧
002611,唐灼林
002612,申东日
002613,高学明
002614,邹剑寒
002615,吕强
002616,何启强
002617,鲁永
002618,刘萍
002619,王双义
002620,李介平
002621,陈鑫
002622,尹宏伟
002623,林金锡
002624,池宇峰
002625,刘若鹏
002626,江斌
002627,江永
002628,刘峙宏
002629,陈昊旻
002630,黎仁超
002631,汝继勇
002632,胡智彪
002633,何建南
002634,陶建伟
002635,王春生
002636,韩涛
002637,张敬国
002638,陈永洪
002639,林汝捷
002640,徐佳东
002641,卢震宇
002642,王东辉
002643,赵凤岐
002644,石爱国
002645,胡士勇
002646,李银会
002647,霍东
002648,杨卫东
002649,王斌
002650,杨旭东
002651,何亚民
002652,王功虎
002653,王俊民
002654,李年生
002655,谢冠宏
002656,罗长江
002657,朱烨东
002658,敖小强
002659,徐广宇
002660,顾永德
002661,陈克明
002662,李璟瑜
002663,涂善忠
002664,尹巍
002665,黄文佳
002666,徐咸大
002667,杨永柱
002668,赵国栋
002669,王建祥
002670,杜力
002671,付波
002672,谭侃
002673,徐朝晖
002674,吴华春
002675,由守谊
002676,王宪章
002677,夏鼎
002678,李建宁
002679,张锦文
002680,高俊芳
002681,肖奋
002682,王跃荣
002683,郑炳旭
002684,陈乐伍
002685,翁耀根
002686,吴晓明
002687,池也
002688,王东晓
002689,康宝华
002690,田明
002691,冯帆
002692,李志强(代)
002693,王成栋
002694,任永明
002695,褚浚
002696,孙宇
002697,曹世如
002698,邓喜军
002699,赵小强
002700,周举东
002701,周云杰
002702,滕用庄
002703,张世权
002705,郭建刚
002706,任思龙
002707,冯滨
002708,李树华
002709,徐金富
002711,彭国宇
002712,任丁
002713,陈辉
002714,秦英林
002715,杨海坤
002716,曹永贵
002717,尹洪卫
002718,时沈祥
002719,李勇
002721,武雁冰
002722,陆挺
002723,陈开元
002724,周明杰
002725,林仙明
002726,余宇
002727,阮鸿献
002728,许丹青
002729,杨力
002730,石晓霞
002731,郭英杰
002732,黄宣
002733,张华农
002734,李新生
002735,王进军
002736,何如
002737,关玉秀
002738,刘新国
002739,张霖
002740,苏日明
002741,陈汉昭
002742,潘呈恭
002743,曹靖
002745,孙清焕
002746,王寿纯
002747,吴波
002748,刘宜云
002749,颜昌绪
002750,樊献俄
002751,刘梦龙
002752,林永贤
002753,刘东杰
002755,陈庆财
002756,高兴江
002757,詹谏醒
002758,汪路平
002759,吴锡盾
002760,陈晓
002761,沈德法
002762,林浩亮
002763,吕兴平
002765,朱堂福
002766,肖行亦
002767,石义民
002768,王爱国
002769,吴立扬
002770,张清海
002771,何小波
002772,陶军
002773,柯尊洪
002774,罗爱文
002775,李从文
002776,陈伟雄
002777,连春华
002778,许汉祥
002779,吴明根
002780,张恒
002781,叶洪孝
002782,肖铿
002783,邵兴祥
002785,胡精沛
002786,邹健
002787,李炳兴
002788,吴金祥
002789,刘海云
002790,罗远良
002791,白宝鲲
002792,吴中林
002793,方秀宝
002795,应雪青
002796,王娟
002797,刘学民
002798,刘进
002799,李移岭
002800,王普宇
002801,何平
002802,项洪伟
002803,庄浩
002805,赵光辉
002806,谭帼英
002807,孙伟
002808,余荣清
002809,刘连军
002810,毕心德
002811,郑忠
002812,Paul Xiaoming Lee
002813,郭秀梅
002815,姜雪飞
002816,卢争驰
002817,余春明
002818,刘兵
002819,王戈
002820,吴宏
002821,HAO HONG
002822,庄重
002823,张浩宇
002824,李建湘
002825,游爱国
002826,高帆
002827,杨丽华
002828,陈平贵
002829,迟家升
002830,蓝继晓
002831,王华君
002832,谢秉政
002833,李茂洪
002835,郭立志
002836,张宏清
002837,齐勇
002838,于晓宁
002839,季颖
002840,朱俭勇
002841,王毅然
002842,陈启丰
002843,方鸿
002845,万锋
002846,翁伟武
002847,张学武
002848,刘潭爱
002849,黄文谦
002850,励建立
002851,童永胜
002852,刘建军
002853,马礼斌
002855,赵晓群
002856,李苏华
002857,于文彪
002858,夏青
002859,方隽云
002860,楼月根
002861,黄晖
002862,蔡俊权
002863,葛炳灶
002864,谢晓林
002865,陆小红
002866,邹伟民
002867,周宗文
002868,赖潭平
002869,罗瑞发
002870,赵玉昆
002871,范庆伟
002872,刘爽
002873,董大伦
002875,曹璋
002876,张建军
002877,沈剑标
002878,孙震
002879,俞涛
002880,张战(代)
002881,王平
002882,郑永汉
002883,陈凤军
002884,王海波
002885,张立品
002886,吴宪
002887,卢云慧
002888,HONGBO YAO
002889,孙卫平
002890,柳秋杰
002891,郝忠礼
002892,聂鹏举
002893,赵一波
002895,吴海斌
002896,岑国建
002897,陈献孟
002898,蔡南桂
002899,丁利荣
002900,秦剑飞
002901,林志雄
002902,杨先进
002903,许世雄
002905,李晓文
002906,邹淦荣
002907,游洪涛
002908,虢晓彬
002909,邹榛夫
002910,马红富
002911,尹祥
002912,李守宇
002913,程涌
002915,陈寅镐
002916,杨之诚
002917,明景谷
002918,萧华
002919,陈勤发
002920,TAN CHOON LIM
002921,郭元强
002922,肖俊承
002923,陈新民
002925,林松华
002926,蔡秋全
002927,黄正乾
002928,胡晓军
002929,李建国
002930,林海川
002931,董剑刚
002932,陈莉莉
002933,戴岳
002935,徐建平
002936,王天宇
002937,张忠良
002938,沈庆芳
002939,曹宏
002940,方南平
002941,沈金生
002942,徐群辉
002943,杨宇红
002945,林立
002946,席刚
002947,荆世平
002948,郭少泉
002949,唐崇武
002950,崔金海
002951,李海坚
002952,JIA JITAO
002953,冯就景
002955,邢修青
002956,谢庆奎
002957,潘利明
002958,刘仲生
002959,李一峰
002960,蔡为民
002961,林志斌
002962,廖彬斌
002963,戴宝林
002965,陈荣
002966,王兰凤
002967,黄跃珍
003816,张善明
300001,于德翔
300002,王宁
300003,蒲忠杰
300004,谭汉强
300005,王静
300006,邱宇
300007,任红军
300008,刘楠
300009,宋礼华
300010,池燕明
300011,顾庆伟
300012,万峰
300013,王雅军
300014,刘金成
300015,陈邦
300016,WANG XU
300017,刘成彦
300018,邓志刚
300019,王有治
300020,吴越
300021,王浩宇
300022,王新明
300023,赵敏
300024,于海斌
300025,朱定楷
300026,姚小青
300027,王忠军
300028,熊建新
300029,孙利
300030,邓冠华
300031,包志方
300032,黄磊
300033,易峥
300034,艾磊
300035,余新
300036,钟耳顺
300037,覃九三
300038,张志勇
300039,穆竟伟
300040,李寅
300041,章锋
300042,魏卫
300043,陈雁升
300044,周勇
300045,高小离
300046,邢雁
300047,陈友
300048,叶进吾
300049,王冠一
300050,王耘
300051,丁建生
300052,李瑞杰
300053,颜军
300054,朱双全
300055,王长荣
300056,王光辉
300057,杜成城
300058,赵文权
300059,其实
300061,刘涛
300062,陈添旭
300063,冯毅
300064,郭留希
300065,申万秋
300066,李建林
300067,纪立军
300068,王海光
300069,吴兰燕
300070,文剑平
300071,黄小川
300072,刘雷
300073,夏晓鸥
300074,吕文辉
300075,吴强华
300076,荆毅民
300077,孙迎彤
300078,章笠中
300079,郑海涛
300080,陈文来
300081,孟宪民
300082,朱建民
300083,夏军
300084,窦剑文
300085,陈向军
300086,洪江游
300087,覃衡德
300088,高前文
300089,蔡廷祥
300090,刘玉斌
300091,朱军
300092,林祯华
300093,林文卿(代)
300094,李忠
300095,聂景华
300096,张曦
300097,师利全
300098,刘双广
300099,黄自伟
300100,邬建斌
300101,莫晓宇
300102,金张育
300103,孙建西
300104,刘延峰
300105,杨怀亮
300106,秦江
300107,朱守琛
300108,孙军
300109,王坚强
300110,杨效东
300111,曹阳
300112,傅宇晨
300113,华勇
300114,康学军
300115,陈奇星
300116,郭鸿宝
300117,田新甲
300118,林海峰
300119,李守军
300120,陈建波
300121,王文博
300122,蒋仁生
300123,李跃先
300124,朱兴明
300125,刘振东
300126,吴明厅
300127,戴炎
300128,顾清
300129,张福林
300130,刘祥
300131,胡庆周
300132,李勇
300133,傅梅城
300134,孙尚传
300135,周德洪
300136,彭浩
300137,李玉国
300138,卢庆国
300139,程毅
300140,朱彤
300141,姚建华
300142,李云春
300143,谭丽霞
300144,黄巧灵
300145,唐鸿亮
300146,梁允超
300147,王永辉
300148,肖志鸿
300149,HUI MICHAEL XIN(惠欣)
300150,牛俊杰
300151,李焕昌
300152,毛军亮
300153,谢松峰
300154,邱光
300155,张波
300156,杜斌
300157,包笠
300158,李安平
300159,方德松
300160,卢秀强
300161,陈吉红
300162,李漫铁
300163,卢先锋
300164,张国桉
300165,刘召贵
300166,管连平
300167,季红
300168,匡涛
300169,吴海宙
300170,陈迪清
300171,郑效东
300172,王政福
300173,郭景松
300174,许文显
300175,戚永楙
300176,卢楚隆
300177,廖定海
300178,钟百胜
300179,方海江
300180,尤小平
300181,俞有强
300182,徐子泉
300183,崔健
300184,赵马克
300185,司兴奎
300187,马铭锋
300188,滕达
300189,曹欧劼
300190,李月中
300191,周锦明
300192,吴贤良
300193,潘磊
300194,汪天祥
300195,李莉
300196,杨国文
300197,刘水
300198,陈志江
300199,曾少贵
300200,何宇飞
300201,丁剑平
300202,柳永诠
300203,丁建萍
300204,周志文
300205,张新访
300206,张浩
300207,王威
300208,邱岳
300209,陈进
300210,齐广田
300211,王桂珍
300212,林拥军
300213,林菁
300214,蒋荀
300215,胡德霖
300216,刘祥华
300217,谭荣生
300218,姚和平
300219,李国平
300220,梁萍
300221,谭颂斌
300222,黄明松
300223,刘强
300224,王庆凯
300225,陈晨
300226,朱军红
300227,侯若洪
300228,黄锋
300229,李渝勤
300230,史佩浩
300231,詹立雄
300232,林洺锋
300233,赵叶青
300234,邢翰学
300235,黄元忠
300236,王福祥
300237,窦茂功
300238,张永明
300239,王军
300240,沈黎明
300241,龚伟斌
300242,郑毅
300243,周仕斌
300244,陈海斌
300245,苏玉军
300246,燕金元
300247,吕向阳
300248,杨维国
300249,孙屹峥
300250,洪爱金
300251,王长田
300252,黄昌华
300253,周炜
300254,赵群
300255,高晓东
300256,刘建勋
300257,曹克坚
300258,夏汉关
300259,费战波
300260,李水波
300261,蔡彤
300262,张春霖
300263,李占明
300264,陈坤江
300265,张忠
300266,李建雄
300267,帅放文
300268,汤捷
300269,刘虎军
300270,石旭刚
300271,邵学
300272,赵笠钧
300273,郝镇熙
300274,曹仁贤
300275,马焰
300276,朱汉平
300277,王天青
300278,陈泽
300279,冯红涛
300280,姚小欣
300281,汪帆
300282,林荣滨
300283,陈晓
300284,符冠华
300285,张曦
300286,周中
300287,杨振华
300288,王伟
300289,林霖
300290,梁荣
300291,刘德宏
300292,万卫方
300293,郭洪涛
300294,廖昕晰
300295,胡光辉
300296,李军
300297,柯宗庆
300298,李少波
300299,缪品章
300300,项坚
300301,王敏
300302,周泽湘
300303,邢美正
300304,付红玲
300305,王建新
300306,潘建根
300307,孙平范
300308,王伟修
300309,姚庆
300310,钟飞鹏
300311,景晓军
300312,张庆文
300313,彭勃
300314,陈再宏
300315,刘惠城
300316,曹建伟
300317,丁孔贤
300318,卢信群
300319,俞磊
300320,钱振宇
300321,孙俊成
300322,朱坤华
300323,俞信华
300324,陈江涛
300325,周建明
300326,袁征
300327,傅启明
300328,李扬德
300329,陈海伦
300330,秦伟芳
300331,陈林森
300332,陈作涛
300333,魏恺言
300334,李新民
300335,李祖芹
300336,杨震华
300337,沈健生
300338,江勇
300339,周红卫
300340,万国江
300341,杨泽声
300342,骆玲
300343,李洪国
300344,樊立
300345,卢建之
300346,冯剑松
300347,叶小平
300348,王长春
300349,杨斌
300350,张京豫
300351,范纪军
300352,林皓
300353,李平
300354,刘士钢
300355,王召明
300356,龙昌明
300357,胡赓熙
300358,唐岳
300359,陈炽昌
300360,丁敏华
300362,邓亲华
300363,居年丰
300364,童之磊
300365,江春华
300366,陆文斌
300367,刘光
300368,邢海平
300369,沈继业
300370,俞凌
300371,张力新
300373,梁勤
300374,孙志强
300375,张洪起
300376,何佳
300377,唐球
300378,孙蔼彬
300379,黄永军
300380,高勇
300381,陈少美
300382,安旭
300383,耿殿根
300384,刘迪
300385,杨建平
300386,黄煜
300387,王仁宗
300388,--
300389,丁彦辉
300390,裴振华
300391,郭晓伟
300392,刘勋
300393,林建伟
300394,邹支农
300395,吴学民
300396,宋洁
300397,贺增林
300398,JINSHAN ZHANG(张金山)
300399,邝青
300400,吴限
300401,邵君芳
300402,高颀
300403,石华山
300404,王廷春
300405,姜艳
300406,邹左军
300407,孔祥洲
300408,张万镇
300409,荣继华
300410,徐地华
300411,王淼根
300412,方亨志
300413,张华立
300414,王雪颖
300415,陈敬财
300416,钟琼华
300417,杨耀光
300418,周亚辉
300419,高慷
300420,侯友夫
300421,施祥贵
300422,宋海农
300423,纪法清
300424,卜范胜
300425,朱子君
300426,吴宏亮
300427,杨成
300428,臧立国
300429,钱晓春
300430,梁学贤
300431,冯鑫
300432,谭建伟
300433,周群飞
300434,蒯一希
300435,章有春
300436,李国平
300437,王志清
300438,夏信德
300439,邹炳德
300440,何鸿云
300441,陈金岳
300442,姜卫东
300443,伊廷雷
300444,赵志宏
300445,姜维利
300446,张新明
300447,陈祥楼
300448,茅庆江
300449,王立群
300450,王燕清
300451,葛航
300452,尹正龙
300453,彭义兴
300454,何朝曦
300455,赵大鹏
300456,杨云春
300457,王维东
300458,张建辉
300459,王健
300460,赵积清
300461,钱承林
300462,张亮
300463,唐勇
300464,蔡耿锡
300465,于伟
300466,厉达
300467,章建伟
300468,周志群
300469,张曙华
300470,赵其春
300471,王季文
300472,朱业胜
300473,李毅
300474,曾万辉
300475,林凌
300476,陈涛
300477,刘泽刚
300478,吕俊坤
300479,王继春
300480,赵彤宇
300481,王中锋
300482,王继华
300483,吴海林
300484,邱文渊
300485,马骉
300486,姚长杰
300487,高月静
300488,陈尔容
300489,朱世会
300490,黄文宝
300491,马晓峰
300492,车璐
300493,郎晓刚
300494,赖春临
300495,王迎燕
300496,赵鸿飞
300497,包建华
300498,温志芬
300499,李琦
300500,戴雅萍
300501,林武辉
300502,高光荣
300503,汤丽君
300504,李世宏
300505,刘甍
300506,程宗玉
300507,李宏庆
300508,汤同奎
300509,何德平
300510,魏庆辉
300511,杨勇萍
300512,史中伟
300513,钱苏晋
300514,崔涛
300515,朱先德
300516,王振华
300517,张海波
300518,陈湧锐
300519,王岳钧
300520,董永东
300521,李明之
300522,吕仕铭
300523,王忠
300525,陈航
300526,张顺
300527,余皓
300528,蒋小平
300529,董凡
300530,蔡志华
300531,GUO SONG
300532,邵健伟
300533,刘和国
300534,康海军
300535,严建林
300536,吴亮
300537,李有明
300538,邵羽南
300539,胡志军
300540,谢乐敏
300541,李铠
300542,康路
300543,陈静
300545,聂泉
300546,高晶
300547,文谟统
300548,朱伟
300549,曾正雄
300550,杨一兵
300551,陈崇军
300552,翟军
300553,楼荣伟
300554,邹余耀
300555,贾清
300556,李萌迪
300557,鲁国庆
300558,丁列明
300559,袁斌
300560,陈融洁
300561,陈喆
300562,潘伟潮
300563,任凤娟
300564,徐先林
300565,陈登志
300566,张彦
300567,彭骞
300568,陈秀峰
300569,郑旭
300570,张致民
300571,郭庆
300572,贺宪宁
300573,刘继东
300575,吴耀军
300576,林海望
300577,范劲松
300578,HUANG YUANGENG
300579,詹榜华
300580,曹余华
300581,吴坚
300582,Guichao Hua
300583,米奇
300584,曹于平
300585,刘陆媛甜
300586,黄伟汕
300587,许吉锭
300588,何开文
300589,晏志清
300590,廖荣华
300591,林大洲
300592,周新华
300593,王彬
300594,李敬茂
300595,陶悦群
300596,李海平
300597,林佳云
300598,王继平
300599,黄淦雄
300600,龚瑞良
300601,杜伟民
300602,马飞
300603,王刚
300604,赵轶
300605,魏晓曦
300606,杨璐
300607,吴丰礼
300608,吴飞舟
300609,张宏俊
300610,于子洲
300611,章碧鸿
300612,张秀兵
300613,杨小奇
300615,石伟平
300616,李连柱
300617,陈晓晖
300618,梁建坤
300619,张启发
300620,Wang Xinglong
300621,张汉清
300622,ALEXANDER LIU
300623,黄善兵
300624,吴太兵
300625,张宇涛
300626,孙瑞良
300627,赵延平
300628,陈智松
300629,王刚
300630,范敏华
300631,党建兵
300632,林瑞梅
300633,陈志强
300634,杨良志
300635,吴君晔
300636,庞正伟
300637,樊彬
300638,张天瑜
300639,黄伟雄
300640,吴体芳
300641,曹正国
300642,姚见儿
300643,张健儿
300644,刘曙阳
300645,陈坚
300647,杜建军
300648,李有财
300649,何韦
300650,庄占龙
300651,李春荣
300652,沈仁荣
300653,王涛
300654,任志鸿
300655,吴天舒
300656,许文焕
300657,李强
300658,谢继华
300659,魏东晓
300660,苏建国
300661,张世龙
300662,高勇
300663,王安京
300664,王洪春
300665,章卫国
300666,姚力军
300667,代啸宁
300668,姜峰
300669,邹家春
300670,陈杰
300671,刘景裕
300672,向平
300673,陈振标
300674,洪卫东
300675,叶青
300676,汪建
300677,刘方毅
300678,史志明
300679,陈育宣
300680,倪茂生
300681,姜桂宾
300682,徐长军
300683,陈亚
300684,吴晓宁
300685,LI-MOU ZHENG(郑立谋)
300686,吴加维
300687,张成康
300688,牛文文
300689,冯学裕
300690,王庆华
300691,龚俊强
300692,张伯中
300693,方兴
300694,王洪其
300695,孔爱祥
300696,范庆新
300697,陈力皎
300698,张禾阳
300699,陈亮
300700,段志明
300701,单森林
300702,屠勇军
300703,任召国
300705,朱志宏
300706,陈钦忠
300707,张锡亮
300708,潘华荣
300709,王明喜
300710,许泉海
300711,黄文胜
300712,林一文
300713,尹伟
300715,钱林弟
300716,邵鉴棠
300717,李振斌
300718,孙志华
300719,赵子安
300720,郑锦康
300721,刘准
300722,金卫平
300723,李捍雄
300724,余仲
300725,杨民民
300726,钟若农
300727,叶剑平
300729,项乐宏
300730,费耀平
300731,周东
300732,常兴文
300733,魏晓林
300735,唐建兴
300736,刘铁峰
300737,陈伟忠
300738,冯康
300739,张佩珂
300740,戴跃锋
300741,夏利群
300742,李占江
300743,韩琼
300745,吴壬华
300746,岑政平
300747,伍晓峰
300748,蔡报贵
300749,林新达
300750,曾毓群
300751,周剑
300752,吕小霞
300753,王凝宇
300755,吴向东
300756,邓志毅
300757,戴军
300758,徐惠祥
300759,Boliang Lou
300760,李西廷
300761,程立力
300762,卜智勇
300763,王一鸣
300765,潘卫东
300766,方毅
300767,李涛
300768,郑树生
300769,吉学文
300770,蔡伏青
300771,干德义
300772,杨震宇
300773,孙陶然
300775,严建亚
300776,李志刚
300777,杨永岗
300778,张春杰
300779,张新功
300780,雷永志
300781,王建朝
300782,许志翰
300783,章燎源
300785,隋国栋
300786,丁香鹏
300787,周洪亮
300788,王斌
300789,陈唐龙
300790,张品光
300791,林培青
300792,林振宇
300793,严文华
300795,潘建军
300796,陈峰
300797,高宏斌
300799,张军
300800,张广胜
300802,杨勇
300803,顿衡
300805,梁定郊
