stock_id,industry_name
600000,银行
600004,民航机场
600006,汽车行业
600007,房地产
600008,公用事业
600009,民航机场
600010,钢铁行业
600011,电力行业
600012,高速公路
600015,银行
600016,银行
600017,港口水运
600018,港口水运
600019,钢铁行业
600020,高速公路
600021,电力行业
600022,钢铁行业
600023,电力行业
600025,电力行业
600026,港口水运
600027,电力行业
600028,石油行业
600029,民航机场
600030,券商信托
600031,机械行业
600033,高速公路
600035,高速公路
600036,银行
600037,文化传媒
600038,航天航空
600039,工程建设
600048,房地产
600050,电信运营
600051,综合行业
600052,房地产
600053,多元金融
600054,旅游酒店
600055,医疗行业
600056,医药制造
600057,交运物流
600058,国际贸易
600059,酿酒行业
600060,家电行业
600061,券商信托
600062,医药制造
600063,化纤行业
600064,房地产
600066,汽车行业
600067,房地产
600068,工程建设
600069,造纸印刷
600070,纺织服装
600071,仪器仪表
600072,船舶制造
600073,食品饮料
600074,安防设备
600075,化工行业
600076,木业家具
600077,房地产
600078,化肥行业
600079,医药制造
600080,医药制造
600081,汽车行业
600082,房地产
600083,工程建设
600084,酿酒行业
600085,医药制造
600086,珠宝首饰
600088,文化传媒
600089,输配电气
600090,医疗行业
600091,化工行业
600093,多元金融
600094,房地产
600095,房地产
600096,化肥行业
600097,农牧饲渔
600098,电力行业
600099,交运设备
600100,电子信息
600101,电力行业
600103,造纸印刷
600104,汽车行业
600105,通讯行业
600106,高速公路
600107,纺织服装
600108,农牧饲渔
600109,券商信托
600110,材料行业
600111,有色金属
600112,输配电气
600113,综合行业
600114,金属制品
600115,民航机场
600116,电力行业
600117,钢铁行业
600118,航天航空
600119,交运物流
600120,国际贸易
600121,煤炭采选
600122,商业百货
600123,煤炭采选
600125,交运物流
600126,钢铁行业
600127,农牧饲渔
600128,国际贸易
600129,医药制造
600130,通讯行业
600131,电力行业
600132,酿酒行业
600133,工程建设
600135,材料行业
600136,文化传媒
600137,纺织服装
600138,旅游酒店
600139,多元金融
600141,化工行业
600143,塑胶制品
600145,玻璃陶瓷
600146,纺织服装
600148,汽车行业
600149,国际贸易
600150,船舶制造
600151,电子元件
600152,电子元件
600153,交运物流
600155,券商信托
600156,纺织服装
600157,煤炭采选
600158,文教休闲
600159,房地产
600160,化工行业
600161,医药制造
600162,房地产
600163,电力行业
600165,金属制品
600166,汽车行业
600167,电力行业
600168,公用事业
600169,机械行业
600170,工程建设
600171,电子元件
600172,材料行业
600173,房地产
600175,石油行业
600176,玻璃陶瓷
600177,房地产
600178,汽车行业
600179,交运物流
600180,交运物流
600182,汽车行业
600183,电子元件
600184,航天航空
600185,房地产
600186,食品饮料
600187,公用事业
600188,煤炭采选
600189,食品饮料
600190,港口水运
600191,食品饮料
600192,输配电气
600193,综合行业
600195,农药兽药
600196,医药制造
600197,酿酒行业
600198,通讯行业
600199,酿酒行业
600200,医药制造
600201,农药兽药
600202,机械行业
600203,通讯行业
600206,材料行业
600207,玻璃陶瓷
600208,房地产
600209,装修装饰
600210,包装材料
600211,医药制造
600212,综合行业
600213,汽车行业
600215,房地产
600216,医药制造
600217,环保工程
600218,机械行业
600219,有色金属
600220,纺织服装
600221,民航机场
600222,医药制造
600223,房地产
600225,房地产
600226,农药兽药
600227,化工行业
600228,化工行业
600229,文化传媒
600230,化工行业
600231,钢铁行业
600232,纺织服装
600233,交运物流
600234,房地产
600235,造纸印刷
600236,电力行业
600237,电子元件
600238,酿酒行业
600239,房地产
600240,房地产
600241,国际贸易
600242,软件服务
600243,机械行业
600246,房地产
600247,商业百货
600248,石油行业
600249,化工行业
600250,纺织服装
600251,农牧饲渔
600252,医药制造
600255,有色金属
600256,石油行业
600257,农牧饲渔
600258,旅游酒店
600259,有色金属
600260,通讯行业
600261,电子元件
600262,机械行业
600265,木业家具
600266,房地产
600267,医药制造
600268,输配电气
600269,高速公路
600271,软件服务
600272,商业百货
600273,化工行业
600275,农牧饲渔
600276,医药制造
600277,化工行业
600278,国际贸易
600279,港口水运
600280,商业百货
600281,化工行业
600282,钢铁行业
600283,公用事业
600284,工程建设
600285,医药制造
600287,商业百货
600288,电子信息
600289,软件服务
600290,输配电气
600291,保险
600292,环保工程
600293,玻璃陶瓷
600295,钢铁行业
600297,汽车行业
600298,食品饮料
600299,农牧饲渔
600300,食品饮料
600301,化工行业
600302,专用设备
600303,汽车行业
600305,食品饮料
600306,商业百货
600307,钢铁行业
600308,造纸印刷
600309,化工行业
600310,电力行业
600311,贵金属
600312,输配电气
600313,农牧饲渔
600315,化工行业
600316,航天航空
600317,港口水运
600318,多元金融
600319,化工行业
600320,机械行业
600321,水泥建材
600322,房地产
600323,公用事业
600325,房地产
600326,水泥建材
600327,商业百货
600328,化工行业
600329,医药制造
600330,电子元件
600331,有色金属
600332,医药制造
600333,公用事业
600335,国际贸易
600336,家电行业
600337,木业家具
600338,有色金属
600339,工程建设
600340,房地产
600343,机械行业
600345,通讯行业
600346,化纤行业
600348,煤炭采选
600350,高速公路
600351,医药制造
600352,化工行业
600353,电子元件
600354,农牧饲渔
600355,电子元件
600356,造纸印刷
600358,旅游酒店
600359,农牧饲渔
600360,电子元件
600361,商业百货
600362,有色金属
600363,电子元件
600365,酿酒行业
600366,有色金属
600367,化工行业
600368,高速公路
600369,券商信托
600370,纺织服装
600371,农牧饲渔
600372,航天航空
600373,文化传媒
600375,专用设备
600376,房地产
600377,高速公路
600378,化工行业
600379,输配电气
600380,医药制造
600381,食品饮料
600382,国际贸易
600383,房地产
600385,软件服务
600386,交运物流
600387,石油行业
600388,机械行业
600389,农药兽药
600390,多元金融
600391,航天航空
600392,有色金属
600393,房地产
600395,煤炭采选
600396,电力行业
600397,煤炭采选
600398,纺织服装
600399,钢铁行业
600400,纺织服装
600403,煤炭采选
600405,电子元件
600406,输配电气
600408,煤炭采选
600409,化工行业
600410,软件服务
600415,商业百货
600416,机械行业
600418,汽车行业
600419,食品饮料
600420,医药制造
600421,机械行业
600422,医药制造
600423,化肥行业
600425,水泥建材
600426,化肥行业
600428,港口水运
600429,食品饮料
600433,造纸印刷
600435,机械行业
600436,医药制造
600438,农牧饲渔
600439,工艺商品
600444,机械行业
600446,软件服务
600448,纺织服装
600449,水泥建材
600452,电力行业
600455,软件服务
600456,有色金属
600458,材料行业
600459,贵金属
600460,电子元件
600461,公用事业
600462,电子元件
600463,房地产
600466,房地产
600467,农牧饲渔
600468,输配电气
600469,汽车行业
600470,化肥行业
600475,机械行业
600476,软件服务
600477,水泥建材
600478,材料行业
600479,医药制造
600480,塑胶制品
600481,化工行业
600482,机械行业
600483,电力行业
600485,通讯行业
600486,农药兽药
600487,通讯行业
600488,医药制造
600489,贵金属
600490,有色金属
600491,工程建设
600493,纺织服装
600495,交运设备
600496,水泥建材
600497,有色金属
600498,通讯行业
600499,机械行业
600500,化工行业
600501,专用设备
600502,工程建设
600503,房地产
600505,电力行业
600506,农牧饲渔
600507,钢铁行业
600508,煤炭采选
600509,电力行业
600510,工程建设
600511,医药制造
600512,工程建设
600513,医药制造
600515,房地产
600516,材料行业
600517,输配电气
600518,医药制造
600519,酿酒行业
600520,机械行业
600521,医药制造
600522,通讯行业
600523,汽车行业
600525,材料行业
600526,专用设备
600527,化纤行业
600528,工程建设
600529,玻璃陶瓷
600530,医药制造
600531,有色金属
600532,钢铁行业
600533,房地产
600535,医药制造
600536,软件服务
600537,电子元件
600538,农药兽药
600539,家电行业
600540,农牧饲渔
600543,酿酒行业
600545,专用设备
600546,煤炭采选
600547,贵金属
600548,高速公路
600549,有色金属
600550,输配电气
600551,文化传媒
600552,材料行业
600555,旅游酒店
600556,房地产
600557,医药制造
600558,金属制品
600559,酿酒行业
600560,机械行业
600561,交运物流
600562,机械行业
600563,电子元件
600565,房地产
600566,医药制造
600567,造纸印刷
600568,医药制造
600569,钢铁行业
600570,软件服务
600571,软件服务
600572,医药制造
600573,酿酒行业
600575,港口水运
600576,文化传媒
600577,金属制品
600578,电力行业
600579,机械行业
600580,输配电气
600581,钢铁行业
600582,机械行业
600583,石油行业
600584,电子元件
600585,水泥建材
600586,玻璃陶瓷
600587,医疗行业
600588,软件服务
600589,化工行业
600590,输配电气
600592,机械行业
600593,旅游酒店
600594,医药制造
600595,有色金属
600596,农药兽药
600597,食品饮料
600598,农牧饲渔
600599,多元金融
600600,酿酒行业
600601,电子信息
600602,电子信息
600603,交运物流
600604,房地产
600605,商业百货
600606,房地产
600608,金属制品
600609,汽车行业
600610,园林工程
600611,交运物流
600612,珠宝首饰
600613,医药制造
600614,有色金属
600615,金属制品
600616,酿酒行业
600617,公用事业
600618,化工行业
600619,机械行业
600620,综合行业
600621,券商信托
600622,房地产
600623,化工行业
600624,综合行业
600626,国际贸易
600628,商业百货
600629,工程建设
600630,纺织服装
600633,文化传媒
600634,软件服务
600635,公用事业
600636,化工行业
600637,文化传媒
600638,房地产
600639,房地产
600640,文化传媒
600641,房地产
600642,电力行业
600643,多元金融
600644,电力行业
600645,医药制造
600647,综合行业
600648,房地产
600649,房地产
600650,交运物流
600651,电子元件
600652,电子信息
600653,综合行业
600654,软件服务
600655,商业百货
600657,房地产
600658,房地产
600660,玻璃陶瓷
600661,文教休闲
600662,交运物流
600663,房地产
600664,医药制造
600665,房地产
600666,电子元件
600667,电子元件
600668,水泥建材
600671,医药制造
600673,有色金属
600674,电力行业
600675,房地产
600676,汽车行业
600677,通讯行业
600678,水泥建材
600679,文教休闲
600681,公用事业
600682,商业百货
600683,房地产
600684,房地产
600685,船舶制造
600686,汽车行业
600687,贵金属
600688,石油行业
600689,纺织服装
600690,家电行业
600691,化肥行业
600692,房地产
600693,商业百货
600694,商业百货
600695,多元金融
600696,交运物流
600697,商业百货
600698,交运设备
600699,汽车行业
600701,综合行业
600702,酿酒行业
600703,电子元件
600704,国际贸易
600705,多元金融
600706,旅游酒店
600707,电子元件
600708,房地产
600710,专用设备
600711,有色金属
600712,商业百货
600713,医药制造
600714,材料行业
600715,文化传媒
600716,房地产
600717,港口水运
600718,软件服务
600719,电力行业
600720,水泥建材
600721,医疗行业
600722,化工行业
600723,商业百货
600724,房地产
600725,化工行业
600726,电力行业
600727,化肥行业
600728,软件服务
600729,商业百货
600730,房地产
600731,农药兽药
600732,房地产
600733,汽车行业
600734,电子元件
600735,国际贸易
600736,房地产
600737,食品饮料
600738,商业百货
600739,国际贸易
600740,煤炭采选
600741,汽车行业
600742,汽车行业
600743,房地产
600744,电力行业
600745,通讯行业
600746,化工行业
600747,国际贸易
600748,房地产
600749,旅游酒店
600750,医药制造
600751,软件服务
600753,国际贸易
600754,旅游酒店
600755,国际贸易
600756,软件服务
600757,文化传媒
600758,煤炭采选
600759,石油行业
600760,航天航空
600761,专用设备
600763,医疗行业
600764,安防设备
600765,航天航空
600766,贵金属
600767,软件服务
600768,有色金属
600769,工程建设
600770,综合行业
600771,医药制造
600773,房地产
600774,商业百货
600775,通讯行业
600776,通讯行业
600777,石油行业
600778,商业百货
600779,酿酒行业
600780,电力行业
600781,医药制造
600782,钢铁行业
600783,综合行业
600784,综合行业
600785,商业百货
600787,交运物流
600789,医药制造
600790,商业百货
600791,房地产
600792,煤炭采选
600793,造纸印刷
600794,交运物流
600795,电力行业
600796,农药兽药
600797,电子信息
600798,港口水运
600800,电子信息
600801,水泥建材
600802,水泥建材
600803,化工行业
600804,电信运营
600805,综合行业
600807,贵金属
600808,钢铁行业
600809,酿酒行业
600810,化纤行业
600811,综合行业
600812,医药制造
600814,商业百货
600815,机械行业
600816,券商信托
600817,多元金融
600818,文教休闲
600819,玻璃陶瓷
600820,工程建设
600821,商业百货
600822,国际贸易
600823,房地产
600824,商业百货
600825,文化传媒
600826,国际贸易
600827,商业百货
600828,商业百货
600829,医疗行业
600830,多元金融
600831,文化传媒
600833,医药制造
600834,交运物流
600835,机械行业
600836,包装材料
600837,券商信托
600838,商业百货
600839,家电行业
600841,机械行业
600843,机械行业
600844,化工行业
600845,软件服务
600846,工程建设
600847,材料行业
600848,房地产
600850,电子信息
600851,医药制造
600853,工程建设
600854,家电行业
600855,安防设备
600856,石油行业
600857,商业百货
600858,商业百货
600859,商业百货
600860,机械行业
600861,商业百货
600862,航天航空
600863,电力行业
600864,券商信托
600865,商业百货
600866,食品饮料
600867,医药制造
600868,电力行业
600869,输配电气
600870,电子信息
600871,石油行业
600872,食品饮料
600873,食品饮料
600874,公用事业
600875,输配电气
600876,玻璃陶瓷
600877,交运设备
600879,航天航空
600880,文化传媒
600881,水泥建材
600882,食品饮料
600883,水泥建材
600884,电子元件
600885,电子元件
600886,电力行业
600887,食品饮料
600888,有色金属
600889,化纤行业
600890,金属制品
600891,商业百货
600892,文化传媒
600893,航天航空
600894,专用设备
600895,房地产
600896,医疗行业
600897,民航机场
600898,通讯行业
600900,电力行业
600901,多元金融
600903,公用事业
600908,银行
600909,券商信托
600917,公用事业
600919,银行
600926,银行
600928,银行
600929,食品饮料
600933,汽车行业
600936,文化传媒
600939,工程建设
600958,券商信托
600959,文化传媒
600960,汽车行业
600961,有色金属
600962,食品饮料
600963,造纸印刷
600965,农牧饲渔
600966,造纸印刷
600967,机械行业
600968,石油行业
600969,电力行业
600970,水泥建材
600971,煤炭采选
600973,输配电气
600975,农牧饲渔
600976,医药制造
600977,文化传媒
600978,木业家具
600979,公用事业
600980,机械行业
600981,国际贸易
600982,电力行业
600983,家电行业
600984,机械行业
600985,化工行业
600986,文化传媒
600987,纺织服装
600988,贵金属
600989,化工行业
600990,电子元件
600992,金属制品
600993,医药制造
600995,电力行业
600996,文化传媒
600997,煤炭采选
600998,医药制造
600999,券商信托
601000,港口水运
601001,煤炭采选
601002,机械行业
601003,钢铁行业
601005,钢铁行业
601006,交运物流
601007,旅游酒店
601008,港口水运
601009,银行
601010,商业百货
601011,煤炭采选
601012,材料行业
601015,煤炭采选
601016,输配电气
601018,港口水运
601019,文化传媒
601020,有色金属
601021,民航机场
601028,金属制品
601038,机械行业
601058,塑胶制品
601066,券商信托
601068,工程建设
601069,贵金属
601077,银行
601086,商业百货
601088,煤炭采选
601098,文化传媒
601099,券商信托
601100,机械行业
601101,煤炭采选
601106,机械行业
601107,高速公路
601108,券商信托
601111,民航机场
601113,化纤行业
601116,商业百货
601117,工程建设
601118,塑胶制品
601126,输配电气
601127,汽车行业
601128,银行
601137,有色金属
601138,通讯行业
601139,公用事业
601155,房地产
601158,公用事业
601162,券商信托
601163,塑胶制品
601166,银行
601168,有色金属
601169,银行
601177,机械行业
601179,输配电气
601186,工程建设
601188,高速公路
601198,券商信托
601199,公用事业
601200,环保工程
601208,材料行业
601211,券商信托
601212,有色金属
601216,化工行业
601218,专用设备
601222,仪器仪表
601225,煤炭采选
601226,机械行业
601228,港口水运
601229,银行
601231,电子元件
601233,化纤行业
601236,券商信托
601238,汽车行业
601258,商业百货
601288,银行
601298,港口水运
601311,输配电气
601318,保险
601319,保险
601326,港口水运
601328,银行
601330,电力行业
601333,交运物流
601336,保险
601339,纺织服装
601360,软件服务
601366,商业百货
601368,公用事业
601369,机械行业
601375,券商信托
601377,券商信托
601388,有色金属
601390,工程建设
601398,银行
601500,塑胶制品
601515,包装材料
601518,高速公路
601519,软件服务
601555,券商信托
601558,输配电气
601566,纺织服装
601567,仪器仪表
601577,银行
601579,酿酒行业
601588,房地产
601595,文化传媒
601598,交运物流
601599,纺织服装
601600,有色金属
601601,保险
601606,专用设备
601607,医药制造
601608,机械行业
601611,工程建设
601615,专用设备
601616,输配电气
601618,工程建设
601619,电力行业
601628,保险
601633,汽车行业
601636,玻璃陶瓷
601666,煤炭采选
601668,工程建设
601669,工程建设
601677,有色金属
601678,化工行业
601688,券商信托
601689,汽车行业
601698,通讯行业
601699,煤炭采选
601700,输配电气
601717,机械行业
601718,纺织服装
601727,输配电气
601766,交运设备
601777,汽车行业
601788,券商信托
601789,工程建设
601798,机械行业
601799,汽车行业
601800,工程建设
601801,文化传媒
601808,石油行业
601811,文化传媒
601818,银行
601828,商业百货
601838,银行
601857,石油行业
601858,文化传媒
601860,银行
601865,玻璃陶瓷
601866,港口水运
601869,通讯行业
601872,港口水运
601877,输配电气
601878,券商信托
601880,港口水运
601881,券商信托
601882,机械行业
601886,装修装饰
601888,旅游酒店
601890,船舶制造
601898,煤炭采选
601899,贵金属
601900,文化传媒
601901,券商信托
601908,机械行业
601918,煤炭采选
601919,港口水运
601928,文化传媒
601929,文化传媒
601933,商业百货
601939,银行
601949,文化传媒
601952,农牧饲渔
601958,有色金属
601965,汽车行业
601966,汽车行业
601968,包装材料
601969,钢铁行业
601975,港口水运
601985,电力行业
601988,银行
601989,船舶制造
601990,券商信托
601991,电力行业
601992,水泥建材
601996,木业家具
601997,银行
601998,银行
601999,文化传媒
603000,文化传媒
603001,纺织服装
603002,化工行业
603003,石油行业
603005,电子元件
603006,汽车行业
603007,园林工程
603008,木业家具
603009,汽车行业
603010,化工行业
603011,机械行业
603012,专用设备
603013,汽车行业
603015,仪器仪表
603016,输配电气
603017,工程建设
603018,工程建设
603019,电子信息
603020,食品饮料
603021,玻璃陶瓷
603022,包装材料
603023,汽车行业
603025,专用设备
603026,化工行业
603027,食品饮料
603028,金属制品
603029,机械行业
603030,装修装饰
603031,商业百货
603032,交运物流
603033,塑胶制品
603035,汽车行业
603036,专用设备
603037,汽车行业
603038,装修装饰
603039,软件服务
603040,金属制品
603041,化工行业
603042,通讯行业
603043,食品饮料
603045,材料行业
603050,输配电气
603055,纺织服装
603056,交运物流
603058,造纸印刷
603059,化工行业
603060,工程建设
603063,输配电气
603066,交运物流
603067,化工行业
603068,电子元件
603069,交运物流
603076,专用设备
603077,化工行业
603078,化工行业
603079,医药制造
603080,公用事业
603081,专用设备
603083,通讯行业
603085,专用设备
603086,农药兽药
603088,专用设备
603089,汽车行业
603090,机械行业
603093,多元金融
603096,文化传媒
603098,工程建设
603099,旅游酒店
603100,仪器仪表
603101,商业百货
603103,文化传媒
603105,专用设备
603106,电子信息
603108,医药制造
603110,化工行业
603111,交运设备
603113,煤炭采选
603115,材料行业
603116,纺织服装
603117,交运物流
603118,电子信息
603121,汽车行业
603123,商业百货
603126,环保工程
603127,医疗行业
603128,交运物流
603129,交运设备
603131,机械行业
603133,电子元件
603136,旅游酒店
603138,软件服务
603139,医药制造
603156,食品饮料
603157,纺织服装
603158,汽车行业
603159,专用设备
603160,电子元件
603161,汽车行业
603165,造纸印刷
603166,汽车行业
603167,港口水运
603168,医药制造
603169,专用设备
603177,环保工程
603178,汽车行业
603179,汽车行业
603180,木业家具
603181,化工行业
603183,工程建设
603185,专用设备
603186,金属制品
603187,专用设备
603188,化工行业
603189,软件服务
603192,化工行业
603196,纺织服装
603197,汽车行业
603198,酿酒行业
603199,旅游酒店
603200,环保工程
603203,专用设备
603208,木业家具
603214,商业百货
603217,化工行业
603218,机械行业
603220,通讯行业
603222,医药制造
603223,交运物流
603225,化纤行业
603226,木业家具
603227,化工行业
603228,电子元件
603229,医药制造
603232,软件服务
603233,医疗行业
603236,电子元件
603238,纺织服装
603239,汽车行业
603256,玻璃陶瓷
603258,软件服务
603259,医疗行业
603260,化工行业
603266,塑胶制品
603267,电子元件
603268,玻璃陶瓷
603269,机械行业
603277,机械行业
603278,金属制品
603279,专用设备
603283,专用设备
603286,汽车行业
603288,食品饮料
603289,专用设备
603297,仪器仪表
603298,机械行业
603299,化工行业
603300,多元金融
603301,医疗行业
603303,电子元件
603305,汽车行业
603306,汽车行业
603308,专用设备
603309,医疗行业
603311,专用设备
603313,木业家具
603315,机械行业
603316,园林工程
603317,食品饮料
603318,机械行业
603319,汽车行业
603320,机械行业
603321,机械行业
603322,通讯行业
603323,银行
603326,木业家具
603327,电子元件
603328,电子元件
603329,交运物流
603330,塑胶制品
603331,家电行业
603332,化纤行业
603333,输配电气
603335,汽车行业
603336,农牧饲渔
603337,专用设备
603338,机械行业
603339,机械行业
603345,食品饮料
603348,汽车行业
603351,医药制造
603355,家电行业
603356,机械行业
603357,工程建设
603358,汽车行业
603359,园林工程
603360,化工行业
603363,农牧饲渔
603365,纺织服装
603366,家电行业
603367,医药制造
603368,医药制造
603369,酿酒行业
603377,交运物流
603378,化工行业
603379,化工行业
603380,电子元件
603383,软件服务
603385,装修装饰
603386,电子元件
603387,医疗行业
603388,园林工程
603389,木业家具
603393,公用事业
603396,专用设备
603398,工艺商品
603399,有色金属
603416,仪器仪表
603421,通讯行业
603429,造纸印刷
603444,软件服务
603456,医药制造
603458,工程建设
603466,文化传媒
603477,纺织服装
603486,家电行业
603488,机械行业
603489,机械行业
603496,通讯行业
603499,造纸印刷
603500,交运设备
603501,电子元件
603505,材料行业
603506,房地产
603507,输配电气
603508,电子信息
603515,电子元件
603516,安防设备
603517,食品饮料
603518,纺织服装
603519,材料行业
603520,医药制造
603527,有色金属
603528,电子信息
603530,输配电气
603533,文化传媒
603535,交运物流
603536,食品饮料
603538,医药制造
603555,纺织服装
603556,输配电气
603557,纺织服装
603558,纺织服装
603559,通讯行业
603566,农药兽药
603567,医药制造
603568,环保工程
603569,交运物流
603577,输配电气
603578,玻璃陶瓷
603579,专用设备
603580,塑胶制品
603583,专用设备
603585,化工行业
603586,汽车行业
603587,纺织服装
603588,环保工程
603589,酿酒行业
603590,医药制造
603595,材料行业
603596,汽车行业
603598,文化传媒
603599,农药兽药
603600,木业家具
603601,玻璃陶瓷
603602,通讯行业
603603,环保工程
603605,化工行业
603606,输配电气
603607,造纸印刷
603608,纺织服装
603609,农牧饲渔
603610,木业家具
603611,机械行业
603612,材料行业
603613,电子信息
603615,塑胶制品
603616,水泥建材
603617,机械行业
603618,输配电气
603619,石油行业
603626,金属制品
603628,电子元件
603629,金属制品
603630,化工行业
603633,电子元件
603636,软件服务
603637,工程建设
603638,专用设备
603639,化工行业
603648,交运物流
603650,化工行业
603655,汽车行业
603656,机械行业
603657,塑胶制品
603658,医药制造
603659,材料行业
603660,专用设备
603661,木业家具
603662,仪器仪表
603663,材料行业
603665,纺织服装
603666,专用设备
603667,机械行业
603668,农牧饲渔
603669,医药制造
603676,医药制造
603677,家电行业
603678,电子元件
603679,电子元件
603680,交运设备
603681,包装材料
603683,化工行业
603685,家电行业
603686,机械行业
603687,包装材料
603688,材料行业
603689,石油行业
603690,专用设备
603693,电力行业
603696,食品饮料
603697,食品饮料
603698,化工行业
603699,机械行业
603700,仪器仪表
603701,机械行业
603703,输配电气
603706,公用事业
603707,医药制造
603708,商业百货
603709,木业家具
603711,食品饮料
603712,通讯行业
603713,交运物流
603716,医疗行业
603717,园林工程
603718,农药兽药
603721,文化传媒
603722,化工行业
603725,塑胶制品
603726,家电行业
603727,石油行业
603728,机械行业
603729,文化传媒
603730,汽车行业
603733,造纸印刷
603737,化工行业
603738,电子元件
603739,农牧饲渔
603755,食品饮料
603757,机械行业
603758,汽车行业
603766,机械行业
603767,汽车行业
603768,汽车行业
603773,电子元件
603776,交运设备
603777,商业百货
603778,园林工程
603779,酿酒行业
603786,汽车行业
603787,交运设备
603788,汽车行业
603789,机械行业
603790,化工行业
603797,环保工程
603798,化工行业
603799,有色金属
603800,专用设备
603801,木业家具
603803,通讯行业
603806,塑胶制品
603808,纺织服装
603809,汽车行业
603810,农药兽药
603811,医药制造
603813,交运物流
603815,工程建设
603816,木业家具
603817,环保工程
603818,木业家具
603819,机械行业
603822,化工行业
603823,化工行业
603825,文化传媒
603826,材料行业
603828,装修装饰
603829,输配电气
603833,木业家具
603838,玻璃陶瓷
603839,纺织服装
603843,工程建设
603848,金属制品
603855,专用设备
603856,塑胶制品
603858,医药制造
603859,输配电气
603860,工程建设
603861,输配电气
603863,造纸印刷
603866,食品饮料
603867,化工行业
603868,家电行业
603869,电子信息
603871,交运物流
603876,有色金属
603877,纺织服装
603878,钢铁行业
603879,化工行业
603880,医药制造
603881,软件服务
603882,医疗行业
603883,医药制造
603885,民航机场
603886,食品饮料
603887,工程建设
603888,文化传媒
603889,纺织服装
603890,电子信息
603895,专用设备
603896,医药制造
603897,金属制品
603898,木业家具
603899,文教休闲
603900,珠宝首饰
603901,专用设备
603903,环保工程
603906,化工行业
603908,纺织服装
603909,工程建设
603912,专用设备
603915,机械行业
603916,化工行业
603917,汽车行业
603918,软件服务
603919,酿酒行业
603920,电子元件
603922,汽车行业
603926,汽车行业
603927,软件服务
603928,化工行业
603929,工程建设
603933,电子元件
603936,电子元件
603937,金属制品
603938,化工行业
603939,医药制造
603955,园林工程
603956,专用设备
603958,纺织服装
603959,工程建设
603960,专用设备
603963,医药制造
603966,专用设备
603967,交运物流
603968,化工行业
603969,金属制品
603970,农药兽药
603976,医疗行业
603977,化工行业
603978,有色金属
603979,工程建设
603980,化工行业
603982,汽车行业
603983,化工行业
603985,金属制品
603986,软件服务
603987,医疗行业
603988,机械行业
603989,电子元件
603990,软件服务
603991,塑胶制品
603992,金属制品
603993,有色金属
603996,电子元件
603997,汽车行业
603998,医药制造
603999,文化传媒
000001,银行
000002,房地产
000004,医药制造
000005,环保工程
000006,房地产
000007,房地产
000008,交运设备
000009,房地产
000010,园林工程
000011,房地产
000012,玻璃陶瓷
000014,房地产
000016,家电行业
000017,文教休闲
000018,装修装饰
000019,食品饮料
000020,电子元件
000021,电子信息
000023,水泥建材
000025,汽车行业
000026,珠宝首饰
000027,公用事业
000028,医药制造
000029,房地产
000030,汽车行业
000031,房地产
000032,电子信息
000034,通讯行业
000035,环保工程
000036,房地产
000037,电力行业
000038,文化传媒
000039,金属制品
000040,环保工程
000042,房地产
000043,房地产
000045,电子信息
000046,房地产
000048,农牧饲渔
000049,电子元件
000050,电子元件
000055,装修装饰
000056,房地产
000058,商业百货
000059,石油行业
000060,有色金属
000061,农牧饲渔
000062,电子元件
000063,通讯行业
000065,工程建设
000066,电子信息
000068,环保工程
000069,房地产
000070,通讯行业
000078,医药制造
000088,港口水运
000089,民航机场
000090,工程建设
000096,石油行业
000099,民航机场
000100,电子元件
000150,医疗行业
000151,国际贸易
000153,医药制造
000155,化肥行业
000156,文化传媒
000157,机械行业
000158,纺织服装
000159,石油行业
000166,券商信托
000301,综合行业
000333,家电行业
000338,机械行业
000400,输配电气
000401,水泥建材
000402,房地产
000403,医药制造
000404,机械行业
000407,石油行业
000408,化肥行业
000409,钢铁行业
000410,机械行业
000411,医药制造
000413,电子元件
000415,多元金融
000416,多元金融
000417,商业百货
000419,商业百货
000420,化纤行业
000421,公用事业
000422,化肥行业
000423,医药制造
000425,机械行业
000426,有色金属
000428,旅游酒店
000429,高速公路
000430,旅游酒店
000488,造纸印刷
000498,工程建设
000501,商业百货
000502,房地产
000503,电子信息
000504,环保工程
000505,农牧饲渔
000506,贵金属
000507,港口水运
000509,国际贸易
000510,化工行业
000513,医药制造
000514,房地产
000516,医疗行业
000517,房地产
000518,医药制造
000519,机械行业
000520,港口水运
000521,家电行业
000523,化工行业
000524,旅游酒店
000525,农药兽药
000526,文教休闲
000528,机械行业
000529,食品饮料
000530,机械行业
000531,电力行业
000532,综合行业
000533,国际贸易
000534,房地产
000536,电子元件
000537,房地产
000538,医药制造
000539,电力行业
000540,房地产
000541,电子元件
000543,电力行业
000544,公用事业
000545,化工行业
000546,水泥建材
000547,通讯行业
000548,高速公路
000550,汽车行业
000551,专用设备
000552,煤炭采选
000553,农药兽药
000554,石油行业
000555,电子信息
000557,交运物流
000558,石油行业
000559,汽车行业
000560,房地产
000561,通讯行业
000563,多元金融
000564,商业百货
000565,化工行业
000566,医药制造
000567,多元金融
000568,酿酒行业
000570,机械行业
000571,煤炭采选
000572,汽车行业
000573,房地产
000576,食品饮料
000581,汽车行业
000582,港口水运
000584,机械行业
000585,输配电气
000586,通讯行业
000587,珠宝首饰
000589,汽车行业
000590,医药制造
000591,电力行业
000592,木业家具
000593,公用事业
000595,机械行业
000596,酿酒行业
000597,医药制造
000598,公用事业
000599,汽车行业
000600,电力行业
000601,电力行业
000603,有色金属
000605,公用事业
000606,软件服务
000607,文化传媒
000608,房地产
000609,房地产
000610,旅游酒店
000611,有色金属
000612,有色金属
000613,旅游酒店
000615,房地产
000616,房地产
000617,多元金融
000619,水泥建材
000620,房地产
000622,机械行业
000623,医药制造
000625,汽车行业
000626,国际贸易
000627,保险
000628,工程建设
000629,有色金属
000630,有色金属
000631,房地产
000632,综合行业
000633,有色金属
000635,化工行业
000636,电子元件
000637,石油行业
000638,国际贸易
000639,食品饮料
000650,医药制造
000651,家电行业
000652,综合行业
000655,钢铁行业
000656,房地产
000657,有色金属
000659,包装材料
000661,医药制造
000662,软件服务
000663,木业家具
000665,文化传媒
000666,多元金融
000667,房地产
000668,房地产
000669,公用事业
000670,电子信息
000671,房地产
000672,水泥建材
000673,文化传媒
000676,电子信息
000677,化纤行业
000678,汽车行业
000679,商业百货
000680,机械行业
000681,文化传媒
000682,电子元件
000683,化工行业
000685,公用事业
000686,券商信托
000687,通讯行业
000688,有色金属
000690,电力行业
000691,房地产
000692,公用事业
000695,电力行业
000697,航天航空
000698,石油行业
000700,汽车行业
000701,商业百货
000702,农牧饲渔
000703,化工行业
000705,医药制造
000707,化工行业
000708,钢铁行业
000709,钢铁行业
000710,医疗行业
000711,园林工程
000712,多元金融
000713,农牧饲渔
000715,商业百货
000716,食品饮料
000717,钢铁行业
000718,房地产
000719,文化传媒
000720,电力行业
000721,旅游酒店
000722,电力行业
000723,煤炭采选
000725,电子元件
000726,纺织服装
000727,电子元件
000728,券商信托
000729,酿酒行业
000731,化肥行业
000732,房地产
000733,电子元件
000735,农牧饲渔
000736,房地产
000737,化工行业
000738,航天航空
000739,医药制造
000750,券商信托
000751,有色金属
000752,酿酒行业
000753,商业百货
000755,高速公路
000756,医药制造
000757,汽车行业
000758,有色金属
000759,商业百货
000760,汽车行业
000761,钢铁行业
000762,有色金属
000766,医药制造
000767,电力行业
000768,航天航空
000776,券商信托
000777,机械行业
000778,金属制品
000779,工程建设
000780,煤炭采选
000782,化纤行业
000783,券商信托
000785,商业百货
000786,水泥建材
000788,医药制造
000789,水泥建材
000790,医药制造
000791,电力行业
000792,化工行业
000793,文化传媒
000795,材料行业
000796,旅游酒店
000797,房地产
000798,农牧饲渔
000799,酿酒行业
000800,汽车行业
000801,家电行业
000802,文化传媒
000803,综合行业
000806,输配电气
000807,有色金属
000809,房地产
000810,通讯行业
000811,机械行业
000812,包装材料
000813,医药制造
000815,造纸印刷
000816,机械行业
000818,化工行业
000819,石油行业
000820,环保工程
000821,机械行业
000822,化工行业
000823,电子元件
000825,钢铁行业
000826,环保工程
000828,高速公路
000829,通讯行业
000830,化肥行业
000831,有色金属
000833,综合行业
000835,文化传媒
000836,安防设备
000837,机械行业
000838,房地产
000839,电子信息
000848,食品饮料
000850,纺织服装
000851,通讯行业
000852,机械行业
000856,专用设备
000858,酿酒行业
000859,塑胶制品
000860,酿酒行业
000861,房地产
000862,电力行业
000863,房地产
000868,汽车行业
000869,酿酒行业
000875,电力行业
000876,农牧饲渔
000877,水泥建材
000878,有色金属
000880,船舶制造
000881,综合行业
000882,商业百货
000883,电力行业
000885,高速公路
000886,房地产
000887,塑胶制品
000888,旅游酒店
000889,通讯行业
000890,金属制品
000892,文化传媒
000893,化肥行业
000895,食品饮料
000897,房地产
000898,钢铁行业
000899,电力行业
000900,高速公路
000901,航天航空
000902,化肥行业
000903,机械行业
000905,港口水运
000906,商业百货
000908,医药制造
000909,综合行业
000910,木业家具
000911,食品饮料
000912,化肥行业
000913,交运设备
000915,医药制造
000917,文化传媒
000918,房地产
000919,医药制造
000920,材料行业
000921,家电行业
000922,机械行业
000923,有色金属
000925,交运设备
000926,房地产
000927,汽车行业
000928,工程建设
000929,酿酒行业
000930,农牧饲渔
000931,医药制造
000932,钢铁行业
000933,有色金属
000935,水泥建材
000936,化纤行业
000937,煤炭采选
000938,电子信息
000939,电力行业
000948,软件服务
000949,化纤行业
000950,医疗行业
000951,汽车行业
000952,医药制造
000953,化肥行业
000955,化纤行业
000957,汽车行业
000958,电力行业
000959,钢铁行业
000960,有色金属
000961,房地产
000962,有色金属
000963,医药制造
000965,房地产
000966,电力行业
000967,金属制品
000968,石油行业
000969,金属制品
000970,电子元件
000971,电子信息
000972,食品饮料
000973,塑胶制品
000975,有色金属
000976,交运设备
000977,电子信息
000978,旅游酒店
000980,汽车行业
000981,汽车行业
000982,纺织服装
000983,煤炭采选
000985,石油行业
000987,多元金融
000988,电子元件
000989,医药制造
000990,化工行业
000993,电力行业
000995,酿酒行业
000996,汽车行业
000997,电子信息
000998,农牧饲渔
000999,医药制造
001696,交运设备
001872,港口水运
001896,电力行业
001965,高速公路
001979,房地产
002001,医药制造
002002,化工行业
002003,纺织服装
002004,农药兽药
002005,家电行业
002006,机械行业
002007,医药制造
002008,机械行业
002009,机械行业
002010,交运物流
002011,机械行业
002012,造纸印刷
002013,航天航空
002014,包装材料
002015,纺织服装
002016,房地产
002017,通讯行业
002019,医药制造
002020,医药制造
002021,机械行业
002022,医药制造
002023,航天航空
002024,商业百货
002025,电子元件
002026,机械行业
002027,文化传媒
002028,输配电气
002029,纺织服装
002030,医药制造
002031,汽车行业
002032,家电行业
002033,旅游酒店
002034,环保工程
002035,家电行业
002036,电子信息
002037,化工行业
002038,医药制造
002039,电力行业
002040,港口水运
002041,农牧饲渔
002042,化纤行业
002043,木业家具
002044,医疗行业
002045,电子元件
002046,机械行业
002047,装修装饰
002048,汽车行业
002049,电子元件
002050,家电行业
002051,工程建设
002052,通讯行业
002053,化工行业
002054,化工行业
002055,电子元件
002056,电子元件
002057,综合行业
002058,仪器仪表
002059,旅游酒店
002060,工程建设
002061,工程建设
002062,工程建设
002063,软件服务
002064,化纤行业
002065,软件服务
002066,材料行业
002067,造纸印刷
002068,化工行业
002069,农牧饲渔
002071,文化传媒
002072,软件服务
002073,电子信息
002074,材料行业
002075,钢铁行业
002076,电子元件
002077,房地产
002078,造纸印刷
002079,电子元件
002080,玻璃陶瓷
002081,装修装饰
002082,有色金属
002083,纺织服装
002084,装修装饰
002085,汽车行业
002086,农牧饲渔
002087,纺织服装
002088,玻璃陶瓷
002089,通讯行业
002090,电子信息
002091,国际贸易
002092,化工行业
002093,电信运营
002094,化工行业
002095,电子信息
002096,化工行业
002097,机械行业
002098,化纤行业
002099,医药制造
002100,农牧饲渔
002101,汽车行业
002102,医药制造
002103,文教休闲
002104,电子信息
002105,文教休闲
002106,电子元件
002107,医药制造
002108,塑胶制品
002109,化工行业
002110,钢铁行业
002111,机械行业
002112,输配电气
002113,软件服务
002114,有色金属
002115,通讯行业
002116,工程建设
002117,造纸印刷
002118,医药制造
002119,电子元件
002120,交运物流
002121,仪器仪表
002122,机械行业
002123,通讯行业
002124,农牧饲渔
002125,化工行业
002126,汽车行业
002127,综合行业
002128,煤炭采选
002129,电子元件
002130,材料行业
002131,电子信息
002132,金属制品
002133,房地产
002134,电子元件
002135,工程建设
002136,化工行业
002137,电子元件
002138,电子元件
002139,仪器仪表
002140,工程建设
002141,金属制品
002142,银行
002143,文化传媒
002144,纺织服装
002145,化工行业
002146,房地产
002147,房地产
002148,通讯行业
002149,材料行业
002150,金属制品
002151,电子信息
002152,电子信息
002153,软件服务
002154,纺织服装
002155,贵金属
002156,电子元件
002157,农牧饲渔
002158,机械行业
002159,旅游酒店
002160,有色金属
002161,电子信息
002162,玻璃陶瓷
002163,玻璃陶瓷
002164,专用设备
002165,化工行业
002166,医药制造
002167,有色金属
002168,输配电气
002169,输配电气
002170,化肥行业
002171,有色金属
002172,化纤行业
002173,医疗行业
002174,软件服务
002175,文化传媒
002176,机械行业
002177,电子信息
002178,软件服务
002179,电子元件
002180,电子元件
002181,文化传媒
002182,有色金属
002183,国际贸易
002184,电子信息
002185,电子元件
002186,旅游酒店
002187,商业百货
002188,电子元件
002189,电子元件
002190,汽车行业
002191,包装材料
002192,电子元件
002193,纺织服装
002194,通讯行业
002195,电子信息
002196,机械行业
002197,电子信息
002198,医药制造
002199,电子元件
002200,园林工程
002201,玻璃陶瓷
002202,输配电气
002203,有色金属
002204,专用设备
002205,水泥建材
002206,化纤行业
002207,石油行业
002208,房地产
002209,专用设备
002210,交运物流
002211,塑胶制品
002212,输配电气
002213,汽车行业
002214,安防设备
002215,农药兽药
002216,食品饮料
002217,电子元件
002218,电子元件
002219,医药制造
002220,食品饮料
002221,石油行业
002222,电子元件
002223,医疗行业
002224,塑胶制品
002225,材料行业
002226,化工行业
002227,输配电气
002228,包装材料
002229,造纸印刷
002230,软件服务
002231,通讯行业
002232,软件服务
002233,水泥建材
002234,农牧饲渔
002235,文化传媒
002236,安防设备
002237,贵金属
002238,文化传媒
002239,汽车行业
002240,材料行业
002241,电子元件
002242,家电行业
002243,包装材料
002244,房地产
002245,交运物流
002246,化工行业
002247,文化传媒
002248,机械行业
002249,机械行业
002250,化工行业
002251,商业百货
002252,医药制造
002253,软件服务
002254,化纤行业
002255,机械行业
002256,输配电气
002258,农药兽药
002259,公用事业
002260,家电行业
002261,软件服务
002262,医药制造
002263,包装材料
002264,商业百货
002265,机械行业
002266,机械行业
002267,石油行业
002268,软件服务
002269,纺织服装
002270,专用设备
002271,水泥建材
002272,机械行业
002273,电子元件
002274,化肥行业
002275,医药制造
002276,输配电气
002277,商业百货
002278,机械行业
002279,软件服务
002280,软件服务
002281,通讯行业
002282,机械行业
002283,机械行业
002284,汽车行业
002285,房地产
002286,食品饮料
002287,医药制造
002288,电子元件
002289,电子元件
002290,材料行业
002291,纺织服装
002292,文化传媒
002293,纺织服装
002294,医药制造
002295,有色金属
002296,通讯行业
002297,材料行业
002298,安防设备
002299,农牧饲渔
002300,输配电气
002301,文教休闲
002302,水泥建材
002303,包装材料
002304,酿酒行业
002305,房地产
002306,旅游酒店
002307,工程建设
002308,电子元件
002309,输配电气
002310,园林工程
002311,农牧饲渔
002312,电子信息
002313,通讯行业
002314,房地产
002315,电子信息
002316,电子信息
002317,医药制造
002318,钢铁行业
002319,化工行业
002320,港口水运
002321,农牧饲渔
002322,软件服务
002323,工程建设
002324,塑胶制品
002325,装修装饰
002326,化工行业
002327,纺织服装
002328,机械行业
002329,食品饮料
002330,食品饮料
002331,软件服务
002332,医疗行业
002333,水泥建材
002334,输配电气
002335,输配电气
002336,商业百货
002337,机械行业
002338,仪器仪表
002339,软件服务
002340,材料行业
002341,材料行业
002342,金属制品
002343,文化传媒
002344,商业百货
002345,珠宝首饰
002346,输配电气
002347,机械行业
002348,文教休闲
002349,医药制造
002350,输配电气
002351,电子信息
002352,交运物流
002353,机械行业
002354,软件服务
002355,汽车行业
002356,商业百货
002357,交运物流
002358,输配电气
002359,通讯行业
002360,化工行业
002361,材料行业
002362,软件服务
002363,汽车行业
002364,输配电气
002365,医药制造
002366,机械行业
002367,机械行业
002368,软件服务
002369,通讯行业
002370,医药制造
002371,电子元件
002372,水泥建材
002373,软件服务
002374,园林工程
002375,装修装饰
002376,电子信息
002377,房地产
002378,有色金属
002379,材料行业
002380,电子信息
002381,塑胶制品
002382,医疗行业
002383,通讯行业
002384,金属制品
002385,农牧饲渔
002386,化工行业
002387,电子元件
002388,电子信息
002389,电子元件
002390,医药制造
002391,农药兽药
002392,材料行业
002393,医药制造
002394,纺织服装
002395,塑胶制品
002396,通讯行业
002397,纺织服装
002398,工程建设
002399,医药制造
002400,文化传媒
002401,软件服务
002402,电子元件
002403,家电行业
002404,纺织服装
002405,软件服务
002406,机械行业
002407,化工行业
002408,化工行业
002409,化工行业
002410,软件服务
002411,医药制造
002412,医药制造
002413,电子信息
002414,安防设备
002415,安防设备
002416,商业百货
002417,软件服务
002418,金属制品
002419,商业百货
002420,家电行业
002421,软件服务
002422,医药制造
002423,多元金融
002424,医药制造
002425,文化传媒
002426,金属制品
002427,化纤行业
002428,有色金属
002429,家电行业
002430,专用设备
002431,园林工程
002432,医疗行业
002433,医药制造
002434,汽车行业
002435,机械行业
002436,电子元件
002437,医药制造
002438,机械行业
002439,软件服务
002440,化工行业
002441,输配电气
002442,化工行业
002443,金属制品
002444,金属制品
002445,机械行业
002446,通讯行业
002447,软件服务
002448,汽车行业
002449,电子元件
002450,材料行业
002451,输配电气
002452,输配电气
002453,软件服务
002454,汽车行业
002455,化工行业
002456,电子元件
002457,水泥建材
002458,农牧饲渔
002459,机械行业
002460,有色金属
002461,酿酒行业
002462,医药制造
002463,电子元件
002464,软件服务
002465,通讯行业
002466,化工行业
002467,电信运营
002468,交运物流
002469,工程建设
002470,化肥行业
002471,输配电气
002472,机械行业
002473,家电行业
002474,软件服务
002475,电子元件
002476,化工行业
002478,钢铁行业
002479,环保工程
002480,机械行业
002481,食品饮料
002482,装修装饰
002483,机械行业
002484,电子元件
002485,纺织服装
002486,纺织服装
002487,金属制品
002488,汽车行业
002489,木业家具
002490,机械行业
002491,通讯行业
002492,交运物流
002493,化纤行业
002494,纺织服装
002495,食品饮料
002496,农药兽药
002497,化工行业
002498,输配电气
002499,机械行业
002500,券商信托
002501,有色金属
002502,文化传媒
002503,纺织服装
002504,装修装饰
002505,农牧饲渔
002506,电子元件
002507,食品饮料
002508,家电行业
002509,专用设备
002510,汽车行业
002511,造纸印刷
002512,电子元件
002513,农药兽药
002514,金属制品
002515,食品饮料
002516,纺织服装
002517,电子信息
002518,输配电气
002519,家电行业
002520,机械行业
002521,造纸印刷
002522,包装材料
002523,机械行业
002524,公用事业
002526,机械行业
002527,机械行业
002528,安防设备
002529,专用设备
002530,软件服务
002531,机械行业
002532,机械行业
002533,输配电气
002534,机械行业
002535,机械行业
002536,汽车行业
002537,材料行业
002538,化肥行业
002539,化肥行业
002540,有色金属
002541,水泥建材
002542,工程建设
002543,家电行业
002544,通讯行业
002545,水泥建材
002546,输配电气
002547,金属制品
002548,农牧饲渔
002549,化工行业
002550,医疗行业
002551,医疗行业
002552,船舶制造
002553,汽车行业
002554,石油行业
002555,电子信息
002556,农牧饲渔
002557,食品饮料
002558,文教休闲
002559,机械行业
002560,输配电气
002561,商业百货
002562,医药制造
002563,纺织服装
002564,机械行业
002565,包装材料
002566,医药制造
002567,农牧饲渔
002568,食品饮料
002569,纺织服装
002570,食品饮料
002571,玻璃陶瓷
002572,木业家具
002573,环保工程
002574,珠宝首饰
002575,文教休闲
002576,输配电气
002577,电子信息
002578,有色金属
002579,电子元件
002580,输配电气
002581,医药制造
002582,食品饮料
002583,通讯行业
002584,化工行业
002585,包装材料
002586,工程建设
002587,电子元件
002588,化肥行业
002589,医药制造
002590,交运设备
002591,化工行业
002592,汽车行业
002593,钢铁行业
002594,汽车行业
002595,汽车行业
002596,水泥建材
002597,化工行业
002598,机械行业
002599,包装材料
002600,电子元件
002601,化工行业
002602,塑胶制品
002603,医药制造
002604,食品饮料
002605,文教休闲
002606,输配电气
002607,文教休闲
002608,电力行业
002609,电子信息
002610,金属制品
002611,专用设备
002612,纺织服装
002613,专用设备
002614,家电行业
002615,金属制品
002616,家电行业
002617,金属制品
002618,电子元件
002619,文化传媒
002620,装修装饰
002621,机械行业
002622,输配电气
002623,玻璃陶瓷
002624,文化传媒
002625,汽车行业
002626,食品饮料
002627,交运物流
002628,工程建设
002629,石油行业
002630,机械行业
002631,木业家具
002632,安防设备
002633,机械行业
002634,纺织服装
002635,电子元件
002636,电子元件
002637,化工行业
002638,电子元件
002639,机械行业
002640,国际贸易
002641,塑胶制品
002642,软件服务
002643,化工行业
002644,医药制造
002645,机械行业
002646,酿酒行业
002647,电子信息
002648,化工行业
002649,软件服务
002650,食品饮料
002651,机械行业
002652,金属制品
002653,医药制造
002654,文化传媒
002655,电子元件
002656,纺织服装
002657,软件服务
002658,仪器仪表
002659,文教休闲
002660,电子元件
002661,食品饮料
002662,汽车行业
002663,园林工程
002664,机械行业
002665,机械行业
002666,汽车行业
002667,专用设备
002668,家电行业
002669,材料行业
002670,券商信托
002671,水泥建材
002672,环保工程
002673,券商信托
002674,纺织服装
002675,医药制造
002676,塑胶制品
002677,家电行业
002678,文教休闲
002679,木业家具
002680,医药制造
002681,家电行业
002682,交运物流
002683,化工行业
002684,电子元件
002685,机械行业
002686,机械行业
002687,纺织服装
002688,农牧饲渔
002689,机械行业
002690,专用设备
002691,机械行业
002692,输配电气
002693,医药制造
002694,塑胶制品
002695,食品饮料
002696,农牧饲渔
002697,商业百货
002698,专用设备
002699,文教休闲
002700,公用事业
002701,金属制品
002702,食品饮料
002703,汽车行业
002705,家电行业
002706,输配电气
002707,旅游酒店
002708,汽车行业
002709,化工行业
002711,交运物流
002712,文化传媒
002713,装修装饰
002714,农牧饲渔
002715,汽车行业
002716,贵金属
002717,环保工程
002718,木业家具
002719,食品饮料
002721,珠宝首饰
002722,机械行业
002723,家电行业
002724,电子元件
002725,汽车行业
002726,农牧饲渔
002727,医药制造
002728,医药制造
002729,电子元件
002730,专用设备
002731,珠宝首饰
002732,食品饮料
002733,电子元件
002734,农药兽药
002735,包装材料
002736,券商信托
002737,医药制造
002738,工程建设
002739,文化传媒
002740,珠宝首饰
002741,化工行业
002742,水泥建材
002743,水泥建材
002745,电子元件
002746,农牧饲渔
002747,机械行业
002748,化工行业
002749,农药兽药
002750,医药制造
002751,木业家具
002752,金属制品
002753,化工行业
002755,医药制造
002756,钢铁行业
002757,机械行业
002758,医药制造
002759,家电行业
002760,金属制品
002761,纺织服装
002762,纺织服装
002763,纺织服装
002765,机械行业
002766,通讯行业
002767,仪器仪表
002768,化工行业
002769,电子信息
002770,食品饮料
002771,软件服务
002772,农牧饲渔
002773,医药制造
002774,机械行业
002775,园林工程
002776,纺织服装
002777,电子信息
002778,石油行业
002779,机械行业
002780,商业百货
002781,工程建设
002782,电子元件
002783,化工行业
002785,水泥建材
002786,机械行业
002787,包装材料
002788,医疗行业
002789,装修装饰
002790,塑胶制品
002791,金属制品
002792,通讯行业
002793,机械行业
002795,机械行业
002796,金属制品
002797,券商信托
002798,木业家具
002799,造纸印刷
002800,交运物流
002801,机械行业
002802,化工行业
002803,造纸印刷
002805,化工行业
002806,电子元件
002807,银行
002808,电子元件
002809,化工行业
002810,化工行业
002811,装修装饰
002812,包装材料
002813,通讯行业
002815,电子元件
002816,专用设备
002817,医药制造
002818,商业百货
002819,仪器仪表
002820,食品饮料
002821,医疗行业
002822,装修装饰
002823,专用设备
002824,有色金属
002825,塑胶制品
002826,医药制造
002827,化工行业
002828,石油行业
002829,电子信息
002830,装修装饰
002831,造纸印刷
002832,纺织服装
002833,专用设备
002835,电子信息
002836,造纸印刷
002837,机械行业
002838,塑胶制品
002839,银行
002840,食品饮料
002841,电子元件
002842,有色金属
002843,金属制品
002845,电子元件
002846,包装材料
002847,食品饮料
002848,通讯行业
002849,仪器仪表
002850,金属制品
002851,电力行业
002852,食品饮料
002853,木业家具
002855,塑胶制品
002856,装修装饰
002857,仪器仪表
002858,文化传媒
002859,电子元件
002860,家电行业
002861,电子元件
002862,文教休闲
002863,汽车行业
002864,医药制造
002865,汽车行业
002866,电子元件
002867,珠宝首饰
002868,农药兽药
002869,软件服务
002870,仪器仪表
002871,机械行业
002872,医药制造
002873,医药制造
002875,纺织服装
002876,电子信息
002877,仪器仪表
002878,文化传媒
002879,输配电气
002880,医药制造
002881,塑胶制品
002882,输配电气
002883,工程建设
002884,机械行业
002885,电子元件
002886,塑胶制品
002887,工程建设
002888,电子信息
002889,交运物流
002890,专用设备
002891,食品饮料
002892,机械行业
002893,公用事业
002895,化工行业
002896,机械行业
002897,电子元件
002898,医药制造
002899,文教休闲
002900,医药制造
002901,医疗行业
002902,电子元件
002903,机械行业
002905,文化传媒
002906,电子元件
002907,医药制造
002908,电子信息
002909,化工行业
002910,食品饮料
002911,公用事业
002912,软件服务
002913,电子元件
002915,化工行业
002916,电子元件
002917,化工行业
002918,玻璃陶瓷
002919,化工行业
002920,汽车行业
002921,汽车行业
002922,输配电气
002923,医药制造
002925,电子元件
002926,券商信托
002927,输配电气
002928,民航机场
002929,通讯行业
002930,交运物流
002931,专用设备
002932,医疗行业
002933,航天航空
002935,专用设备
002936,银行
002937,电子元件
002938,电子元件
002939,券商信托
002940,医药制造
002941,工程建设
002942,农药兽药
002943,专用设备
002945,券商信托
002946,食品饮料
002947,电子元件
002948,银行
002949,工程建设
002950,医疗行业
002951,包装材料
002952,电子元件
002953,家电行业
002955,文教休闲
002956,食品饮料
002957,专用设备
002958,银行
002959,家电行业
002960,安防设备
002961,多元金融
002962,电子元件
002963,工程建设
002965,金属制品
002966,银行
002967,综合行业
003816,电力行业
300001,输配电气
300002,软件服务
300003,医疗行业
300004,机械行业
300005,纺织服装
300006,医药制造
300007,仪器仪表
300008,船舶制造
300009,医药制造
300010,软件服务
300011,交运设备
300012,综合行业
300013,交运物流
300014,电子元件
300015,医药制造
300016,医药制造
300017,软件服务
300018,输配电气
300019,化工行业
300020,软件服务
300021,材料行业
300022,机械行业
300023,多元金融
300024,机械行业
300025,通讯行业
300026,医药制造
300027,文化传媒
300028,文化传媒
300029,电子元件
300030,医疗行业
300031,软件服务
300032,电子元件
300033,软件服务
300034,材料行业
300035,机械行业
300036,软件服务
300037,材料行业
300038,通讯行业
300039,医药制造
300040,输配电气
300041,化工行业
300042,电子信息
300043,文教休闲
300044,软件服务
300045,软件服务
300046,电子元件
300047,软件服务
300048,汽车行业
300049,医药制造
300050,通讯行业
300051,电子信息
300052,电子信息
300053,安防设备
300054,化工行业
300055,环保工程
300056,环保工程
300057,包装材料
300058,文化传媒
300059,电子信息
300061,文化传媒
300062,输配电气
300063,化工行业
300064,材料行业
300065,电子信息
300066,仪器仪表
300067,化工行业
300068,电子元件
300069,输配电气
300070,环保工程
300071,文化传媒
300072,化工行业
300073,材料行业
300074,软件服务
300075,软件服务
300076,安防设备
300077,电子元件
300078,安防设备
300079,通讯行业
300080,材料行业
300081,电子信息
300082,化工行业
300083,金属制品
300084,专用设备
300085,软件服务
300086,医药制造
300087,农牧饲渔
300088,电子元件
300089,玻璃陶瓷
300090,环保工程
300091,机械行业
300092,机械行业
300093,玻璃陶瓷
300094,农牧饲渔
300095,机械行业
300096,软件服务
300097,机械行业
300098,安防设备
300099,仪器仪表
300100,汽车行业
300101,通讯行业
300102,电子元件
300103,专用设备
300104,文化传媒
300105,机械行业
300106,农牧饲渔
300107,化工行业
300108,医药制造
300109,化工行业
300110,医药制造
300111,输配电气
300112,仪器仪表
300113,软件服务
300114,仪器仪表
300115,电子元件
300116,机械行业
300117,水泥建材
300118,输配电气
300119,医药制造
300120,金属制品
300121,化工行业
300122,医药制造
300123,船舶制造
300124,仪器仪表
300125,环保工程
300126,机械行业
300127,电子元件
300128,电子元件
300129,输配电气
300130,电子信息
300131,电子元件
300132,化工行业
300133,文化传媒
300134,通讯行业
300135,化工行业
300136,通讯行业
300137,环保工程
300138,农牧饲渔
300139,电子元件
300140,输配电气
300141,输配电气
300142,医药制造
300143,医疗行业
300144,旅游酒店
300145,机械行业
300146,食品饮料
300147,医药制造
300148,文化传媒
300149,医疗行业
300150,电子信息
300151,塑胶制品
300152,环保工程
300153,输配电气
300154,机械行业
300155,安防设备
300156,环保工程
300157,石油行业
300158,医药制造
300159,航天航空
300160,玻璃陶瓷
300161,机械行业
300162,电子元件
300163,材料行业
300164,石油行业
300165,仪器仪表
300166,软件服务
300167,安防设备
300168,软件服务
300169,塑胶制品
300170,软件服务
300171,医疗行业
300172,环保工程
300173,机械行业
300174,化工行业
300175,农牧饲渔
300176,汽车行业
300177,通讯行业
300178,旅游酒店
300179,材料行业
300180,塑胶制品
300181,医药制造
300182,软件服务
300183,电子信息
300184,电子元件
300185,机械行业
300187,环保工程
300188,软件服务
300189,农牧饲渔
300190,环保工程
300191,石油行业
300192,化工行业
300193,机械行业
300194,医药制造
300195,机械行业
300196,材料行业
300197,园林工程
300198,水泥建材
300199,医药制造
300200,材料行业
300201,汽车行业
300202,专用设备
300203,仪器仪表
300204,医药制造
300205,电子元件
300206,医疗行业
300207,输配电气
300208,输配电气
300209,软件服务
300210,机械行业
300211,通讯行业
300212,软件服务
300213,通讯行业
300214,塑胶制品
300215,输配电气
300216,医疗行业
300217,机械行业
300218,化工行业
300219,电子元件
300220,电子元件
300221,塑胶制品
300222,输配电气
300223,电子元件
300224,材料行业
300225,化工行业
300226,电子信息
300227,电子元件
300228,机械行业
300229,软件服务
300230,塑胶制品
300231,软件服务
300232,电子元件
300233,医药制造
300234,材料行业
300235,电子信息
300236,材料行业
300237,园林工程
300238,医疗行业
300239,医药制造
300240,交运物流
300241,电子元件
300242,软件服务
300243,化工行业
300244,医药制造
300245,软件服务
300246,医疗行业
300247,机械行业
300248,软件服务
300249,软件服务
300250,电子信息
300251,文化传媒
300252,通讯行业
300253,软件服务
300254,医药制造
300255,医药制造
300256,塑胶制品
300257,机械行业
300258,汽车行业
300259,仪器仪表
300260,材料行业
300261,化工行业
300262,环保工程
300263,机械行业
300264,软件服务
300265,输配电气
300266,环保工程
300267,医药制造
300268,农牧饲渔
300269,电子元件
300270,安防设备
300271,软件服务
300272,机械行业
300273,医疗行业
300274,机械行业
300275,仪器仪表
300276,机械行业
300277,软件服务
300278,机械行业
300279,电子信息
300280,文化传媒
300281,机械行业
300282,电子信息
300283,材料行业
300284,工程建设
300285,化工行业
300286,输配电气
300287,软件服务
300288,电子信息
300289,医药制造
300290,软件服务
300291,文化传媒
300292,通讯行业
300293,机械行业
300294,医药制造
300295,电子信息
300296,电子元件
300297,软件服务
300298,医疗行业
300299,通讯行业
300300,软件服务
300301,电子元件
300302,软件服务
300303,电子元件
300304,汽车行业
300305,材料行业
300306,仪器仪表
300307,专用设备
300308,机械行业
300309,多元金融
300310,通讯行业
300311,软件服务
300312,通讯行业
300313,农牧饲渔
300314,医疗行业
300315,电子信息
300316,机械行业
300317,电子元件
300318,医疗行业
300319,电子元件
300320,塑胶制品
300321,塑胶制品
300322,通讯行业
300323,电子元件
300324,软件服务
300325,材料行业
300326,医疗行业
300327,电子元件
300328,金属制品
300329,文教休闲
300330,电子信息
300331,材料行业
300332,环保工程
300333,电子信息
300334,环保工程
300335,环保工程
300336,文化传媒
300337,材料行业
300338,文教休闲
300339,软件服务
300340,材料行业
300341,输配电气
300342,家电行业
300343,电子信息
300344,软件服务
300345,金属制品
300346,材料行业
300347,医药制造
300348,软件服务
300349,仪器仪表
300350,交运物流
300351,交运设备
300352,软件服务
300353,通讯行业
300354,仪器仪表
300355,环保工程
300356,输配电气
300357,医药制造
300358,医疗行业
300359,文教休闲
300360,仪器仪表
300362,机械行业
300363,医药制造
300364,文化传媒
300365,软件服务
300366,电子信息
300367,安防设备
300368,专用设备
300369,软件服务
300370,仪器仪表
300371,仪器仪表
300373,电子元件
300374,装修装饰
300375,汽车行业
300376,输配电气
300377,软件服务
300378,软件服务
300379,软件服务
300380,电子信息
300381,农牧饲渔
300382,机械行业
300383,电信运营
300384,化纤行业
300385,机械行业
300386,软件服务
300387,化工行业
300388,环保工程
300389,电子元件
300390,电子元件
300391,机械行业
300392,文化传媒
300393,材料行业
300394,通讯行业
300395,玻璃陶瓷
300396,医疗行业
300397,电子信息
300398,化工行业
300399,电子信息
300400,机械行业
300401,食品饮料
300402,专用设备
300403,机械行业
300404,医药制造
300405,化工行业
300406,医药制造
300407,仪器仪表
300408,电子元件
300409,材料行业
300410,电子元件
300411,机械行业
300412,医疗行业
300413,文化传媒
300414,电子元件
300415,机械行业
300416,电子元件
300417,仪器仪表
300418,文教休闲
300419,电子信息
300420,机械行业
300421,金属制品
300422,环保工程
300423,输配电气
300424,航天航空
300425,环保工程
300426,文化传媒
300427,输配电气
300428,有色金属
300429,化工行业
300430,机械行业
300431,文化传媒
300432,汽车行业
300433,材料行业
300434,机械行业
300435,机械行业
300436,医药制造
300437,公用事业
300438,电子元件
300439,医疗行业
300440,电子信息
300441,机械行业
300442,机械行业
300443,机械行业
300444,输配电气
300445,仪器仪表
300446,电子信息
300447,输配电气
300448,软件服务
300449,安防设备
300450,专用设备
300451,软件服务
300452,医药制造
300453,医疗行业
300454,软件服务
300455,电子信息
300456,航天航空
300457,电子元件
300458,电子元件
300459,文化传媒
300460,电子元件
300461,电子元件
300462,交运设备
300463,医疗行业
300464,金属制品
300465,软件服务
300466,仪器仪表
300467,软件服务
300468,软件服务
300469,软件服务
300470,机械行业
300471,机械行业
300472,交运设备
300473,汽车行业
300474,电子信息
300475,家电行业
300476,电子元件
300477,输配电气
300478,塑胶制品
300479,电子信息
300480,专用设备
300481,化工行业
300482,医药制造
300483,木业家具
300484,输配电气
300485,医药制造
300486,专用设备
300487,化工行业
300488,金属制品
300489,金属制品
300490,输配电气
300491,输配电气
300492,工程建设
300493,电子信息
300494,电子信息
300495,园林工程
300496,电子信息
300497,医药制造
300498,农牧饲渔
300499,专用设备
300500,工程建设
300501,包装材料
300502,通讯行业
300503,机械行业
300504,通讯行业
300505,化工行业
300506,装修装饰
300507,汽车行业
300508,软件服务
300509,机械行业
300510,输配电气
300511,农牧饲渔
300512,机械行业
300513,软件服务
300514,通讯行业
300515,仪器仪表
300516,电子元件
300517,工程建设
300518,软件服务
300519,医药制造
300520,软件服务
300521,专用设备
300522,化工行业
300523,软件服务
300525,软件服务
300526,专用设备
300527,专用设备
300528,文化传媒
300529,医疗行业
300530,化工行业
300531,电子信息
300532,软件服务
300533,软件服务
300534,医药制造
300535,化工行业
300536,园林工程
300537,化工行业
300538,化工行业
300539,塑胶制品
300540,机械行业
300541,软件服务
300542,软件服务
300543,电子信息
300545,电子元件
300546,专用设备
300547,塑胶制品
300548,通讯行业
300549,专用设备
300550,软件服务
300551,专用设备
300552,软件服务
300553,仪器仪表
300554,机械行业
300555,通讯行业
300556,软件服务
300557,仪器仪表
300558,医药制造
300559,软件服务
300560,通讯行业
300561,软件服务
300562,医疗行业
300563,电子元件
300564,工程建设
300565,通讯行业
300566,电子元件
300567,专用设备
300568,材料行业
300569,输配电气
300570,电子元件
300571,电子信息
300572,仪器仪表
300573,医药制造
300575,农药兽药
300576,化工行业
300577,纺织服装
300578,软件服务
300579,软件服务
300580,汽车行业
300581,航天航空
300582,电子元件
300583,医药制造
300584,医药制造
300585,汽车行业
300586,化工行业
300587,塑胶制品
300588,电子信息
300589,船舶制造
300590,通讯行业
300591,纺织服装
300592,装修装饰
300593,机械行业
300594,交运设备
300595,专用设备
300596,化工行业
300597,软件服务
300598,软件服务
300599,塑胶制品
300600,船舶制造
300601,医药制造
300602,电子元件
300603,软件服务
300604,专用设备
300605,软件服务
300606,机械行业
300607,机械行业
300608,软件服务
300609,电子信息
300610,化工行业
300611,交运设备
300612,文化传媒
300613,电子元件
300615,通讯行业
300616,木业家具
300617,电力行业
300618,有色金属
300619,专用设备
300620,通讯行业
300621,装修装饰
300622,商业百货
300623,电子元件
300624,软件服务
300625,电子元件
300626,机械行业
300627,电子信息
300628,通讯行业
300629,金属制品
300630,医药制造
300631,专用设备
300632,电子元件
300633,专用设备
300634,软件服务
300635,工程建设
300636,医药制造
300637,化工行业
300638,通讯行业
300639,医药制造
300640,工艺商品
300641,化工行业
300642,医药制造
300643,汽车行业
300644,塑胶制品
300645,软件服务
300647,电子元件
300648,仪器仪表
300649,园林工程
300650,电子元件
300651,文教休闲
300652,汽车行业
300653,医疗行业
300654,文教休闲
300655,化工行业
300656,电子信息
300657,电子元件
300658,纺织服装
300659,软件服务
300660,机械行业
300661,电子元件
300662,文教休闲
300663,软件服务
300664,环保工程
300665,化工行业
300666,材料行业
300667,仪器仪表
300668,装修装饰
300669,机械行业
300670,输配电气
300671,电子元件
300672,电子元件
300673,农牧饲渔
300674,软件服务
300675,工程建设
300676,医药制造
300677,医疗行业
300678,软件服务
300679,电子元件
300680,汽车行业
300681,机械行业
300682,软件服务
300683,医药制造
300684,材料行业
300685,医药制造
300686,电子元件
300687,软件服务
300688,文化传媒
300689,电子元件
300690,机械行业
300691,电子元件
300692,环保工程
300693,专用设备
300694,汽车行业
300695,汽车行业
300696,航天航空
300697,有色金属
300698,通讯行业
300699,化工行业
300700,材料行业
300701,电子元件
300702,医药制造
300703,文教休闲
300705,医药制造
300706,材料行业
300707,汽车行业
300708,电子元件
300709,电子元件
300710,通讯行业
300711,通讯行业
300712,工程建设
300713,输配电气
300715,水泥建材
300716,塑胶制品
300717,塑胶制品
300718,机械行业
300719,航天航空
300720,机械行业
300721,化工行业
300722,航天航空
300723,医药制造
300724,专用设备
300725,医疗行业
300726,电子元件
300727,化工行业
300729,机械行业
300730,软件服务
300731,塑胶制品
300732,工程建设
300733,汽车行业
300735,电子元件
300736,通讯行业
300737,水泥建材
300738,软件服务
300739,电子元件
300740,化工行业
300741,食品饮料
300742,汽车行业
300743,电子信息
300745,汽车行业
300746,工程建设
300747,电子元件
300748,材料行业
300749,木业家具
300750,汽车行业
300751,专用设备
300752,电子元件
300753,医疗行业
300755,酿酒行业
300756,旅游酒店
300757,专用设备
300758,化工行业
300759,医药制造
300760,医疗行业
300761,农牧饲渔
300762,通讯行业
300763,专用设备
300765,食品饮料
300766,电子信息
300767,塑胶制品
300768,通讯行业
300769,化工行业
300770,文化传媒
300771,专用设备
300772,专用设备
300773,软件服务
300775,航天航空
300776,专用设备
300777,材料行业
300778,工程建设
300779,环保工程
300780,机械行业
300781,文化传媒
300782,电子元件
300783,食品饮料
300785,电子信息
300786,专用设备
300787,电子元件
300788,文化传媒
300789,软件服务
300790,电子元件
300791,食品饮料
300792,电子信息
300793,电子元件
300795,文化传媒
300796,农药兽药
300797,专用设备
300799,电子信息
300800,仪器仪表
300802,专用设备
300803,软件服务
300805,文化传媒
